PATCH,1,2,3,4,5,6,7,8,9,10,11,12,13,14,15,16,17,18,19,20,21,22,23,24,25,26,27,28,29,30,31,32,33,34,35,36,37,38,39,40,41,42,43,44,45,46,47,48,49,50,51,52,53,54,55,56,57,58,59,60,61,62,63,64,65,66,67,68,69,70,71,72,73,74,75,76,77,78,79,80,81,82,83,84,85,86,87,88,89,90,91,92,93,94,95,96,97,98,99,100
1,1,0.0769458704,0.0006173514,0,0,0,0,0,0,0,0.0648566206,0.0240291114,0,0,0,0,0,0,0,0,0.0012914772,9.5972270301496E-07,0,0,0,0,0,0,0,0,0,0,0,0,0,0,0,0,0,0,0,0,0,0,0,0,0,0,0,0,0,0,0,0,0,0,0,0,0,0,0,0,0,0,0,0,0,0,0,0,0,0,0,0,0,0,0,0,0,0,0,0,0,0,0,0,0,0,0,0,0,0,0,0,0,0,0,0,0,0
2,0.0769458704,1,0.0503024799,0.0006364261,0,0,0,0,0,0,0.0141962973,0.1235587704,0.0296981285,0.0011815789,0,0,0,0,0,0,0,0.0047556699,0.0011355537,0,0,0,0,0,0,0,0,0,0,0,0,0,0,0,0,0,0,0,0,0,0,0,0,0,0,0,0,0,0,0,0,0,0,0,0,0,0,0,0,0,0,0,0,0,0,0,0,0,0,0,0,0,0,0,0,0,0,0,0,0,0,0,0,0,0,0,0,0,0,0,0,0,0,0,0,0
3,0.0006173514,0.0503024799,1,0.0892589093,0.0033408693,0,0,0,0,0,0,0.005971206,0.0591539043,0.0063759077,0.001030201,0,0,0,0,0,0,0.000158297,0.0003437088,0.0003893329,0,0,0,0,0,0,0,0,0,0,0,0,0,0,0,0,0,0,0,0,0,0,0,0,0,0,0,0,0,0,0,0,0,0,0,0,0,0,0,0,0,0,0,0,0,0,0,0,0,0,0,0,0,0,0,0,0,0,0,0,0,0,0,0,0,0,0,0,0,0,0,0,0,0,0,0
4,0,0.0006364261,0.0892589093,1,0.1037111975,0.0011628841,0,0,0,0,0,4.98631108139282E-06,0.0508778789,0.0652243896,0.0216006711,0.0048757295,0,0,0,0,0,0,0.0011265694,0.0001821762,0.000217272,0,0,0,0,0,0,0,0,0,0,0,0,0,0,0,0,0,0,0,0,0,0,0,0,0,0,0,0,0,0,0,0,0,0,0,0,0,0,0,0,0,0,0,0,0,0,0,0,0,0,0,0,0,0,0,0,0,0,0,0,0,0,0,0,0,0,0,0,0,0,0,0,0,0,0
5,0,0,0.0033408693,0.1037111975,1,0.108786527,0.0089386214,0,0,0,0,0,0,0.049138302,0.0144964048,0.0137986945,0.0003502156,0,0,0,0,0,0,7.16562977048334E-07,0.000144967,0,0,0,0,0,0,0,0,0,0,0,0,0,0,0,0,0,0,0,0,0,0,0,0,0,0,0,0,0,0,0,0,0,0,0,0,0,0,0,0,0,0,0,0,0,0,0,0,0,0,0,0,0,0,0,0,0,0,0,0,0,0,0,0,0,0,0,0,0,0,0,0,0,0,0
6,0,0,0,0.0011628841,0.108786527,1,0.0653408602,8.57269856753302E-07,0,0,0,0,0,9.29376995158179E-06,0.0362924977,0.0650867025,0.0185514693,1.04212320787459E-05,0,0,0,0,0,0,3.57288496380711E-06,0.0004024804,0.0001466036,0,0,0,0,0,0,0,0,0,0,0,0,0,0,0,0,0,0,0,0,0,0,0,0,0,0,0,0,0,0,0,0,0,0,0,0,0,0,0,0,0,0,0,0,0,0,0,0,0,0,0,0,0,0,0,0,0,0,0,0,0,0,0,0,0,0,0,0,0,0,0,0,0
7,0,0,0,0,0.0089386214,0.0653408602,1,0.0683564821,0.0009344677,0,0,0,0,0,0.000025601,0.0352664256,0.0433500736,0.0070270626,0,0,0,0,0,0,0,6.80177955976141E-05,0.0013895509,0.0001237819,0,0,0,0,0,0,0,0,0,0,0,0,0,0,0,0,0,0,0,0,0,0,0,0,0,0,0,0,0,0,0,0,0,0,0,0,0,0,0,0,0,0,0,0,0,0,0,0,0,0,0,0,0,0,0,0,0,0,0,0,0,0,0,0,0,0,0,0,0,0,0,0
8,0,0,0,0,0,8.57269856753302E-07,0.0683564821,1,0.0581653636,0.0070510012,0,0,0,0,0,0,0.0426026558,0.086732257,0.0104335729,0.001284232,0,0,0,0,0,0,0.0002318144,0.0010306165,4.49003723990075E-05,0,0,0,0,0,0,0,0,0,0,0,0,0,0,0,0,0,0,0,0,0,0,0,0,0,0,0,0,0,0,0,0,0,0,0,0,0,0,0,0,0,0,0,0,0,0,0,0,0,0,0,0,0,0,0,0,0,0,0,0,0,0,0,0,0,0,0,0,0,0,0
9,0,0,0,0,0,0,0.0009344677,0.0581653636,1,0.1871260271,0,0,0,0,0,0,0,0.0372607055,0.0682866422,0.0142787088,0,0,0,0,0,0,0,0.0033254756,0.0004909372,9.01740976363024E-06,0,0,0,0,0,0,0,0,0,0,0,0,0,0,0,0,0,0,0,0,0,0,0,0,0,0,0,0,0,0,0,0,0,0,0,0,0,0,0,0,0,0,0,0,0,0,0,0,0,0,0,0,0,0,0,0,0,0,0,0,0,0,0,0,0,0,0,0,0,0
10,0,0,0,0,0,0,0,0.0070510012,0.1871260271,1,0,0,0,0,0,0,0,0.0018103697,0.0098771554,0.1841011984,0,0,0,0,0,0,0,0,0,0.0035895504,0,0,0,0,0,0,0,0,0,0,0,0,0,0,0,0,0,0,0,0,0,0,0,0,0,0,0,0,0,0,0,0,0,0,0,0,0,0,0,0,0,0,0,0,0,0,0,0,0,0,0,0,0,0,0,0,0,0,0,0,0,0,0,0,0,0,0,0,0,0
11,0.0648566206,0.0141962973,0,0,0,0,0,0,0,0,1,0.0970914255,0.0010893198,0,0,0,0,0,0,0,0.0427735657,0.0359757761,0.001760841,0,0,0,0,0,0,0,0.0001685144,3.96031282726336E-05,0,0,0,0,0,0,0,0,0,0,0,0,0,0,0,0,0,0,0,0,0,0,0,0,0,0,0,0,0,0,0,0,0,0,0,0,0,0,0,0,0,0,0,0,0,0,0,0,0,0,0,0,0,0,0,0,0,0,0,0,0,0,0,0,0,0,0,0
12,0.0240291114,0.1235587704,0.005971206,4.98631108139282E-06,0,0,0,0,0,0,0.0970914255,1,0.0891575089,0,0,0,0,0,0,0,0.0131823043,0.0942913072,0.0227541168,0,0,0,0,0,0,0,2.43123024221491E-07,0.0012127639,2.22288950004682E-05,0,0,0,0,0,0,0,0,0,0,0,0,0,0,0,0,0,0,0,0,0,0,0,0,0,0,0,0,0,0,0,0,0,0,0,0,0,0,0,0,0,0,0,0,0,0,0,0,0,0,0,0,0,0,0,0,0,0,0,0,0,0,0,0,0,0,0
13,0,0.0296981285,0.0591539043,0.0508778789,0,0,0,0,0,0,0.0010893198,0.0891575089,1,0.0718570166,0.0003783863,0,0,0,0,0,0.0002266842,0.0125279792,0.0401430384,0.0211498825,0.0010084467,0,0,0,0,0,0,0,0.0024587685,2.9346736758221E-06,0,0,0,0,0,0,0,0,0,0,0,0,0,0,0,0,0,0,0,0,0,0,0,0,0,0,0,0,0,0,0,0,0,0,0,0,0,0,0,0,0,0,0,0,0,0,0,0,0,0,0,0,0,0,0,0,0,0,0,0,0,0,0,0,0,0
14,0,0.0011815789,0.0063759077,0.0652243896,0.049138302,9.29376995158179E-06,0,0,0,0,0,0,0.0718570166,1,0.1148120649,1.82745671333799E-05,0,0,0,0,0,0.0026485256,0.0095408654,0.1085571558,0.0537651328,0,0,0,0,0,0,0,0.0004418475,0.001868526,0,0,0,0,0,0,0,0,0,0,0,0,0,0,0,0,0,0,0,0,0,0,0,0,0,0,0,0,0,0,0,0,0,0,0,0,0,0,0,0,0,0,0,0,0,0,0,0,0,0,0,0,0,0,0,0,0,0,0,0,0,0,0,0,0,0
15,0,0,0.001030201,0.0216006711,0.0144964048,0.0362924977,0.000025601,0,0,0,0,0,0.0003783863,0.1148120649,1,0.0725638934,0.0005195311,0,0,0,0,0,0.0001026193,0.0351884813,0.0753534078,0.0296857458,0.0003275409,0,0,0,0,0,0,0.0027572972,0.0009124019,0,0,0,0,0,0,0,0,0,0,0,0,0,0,0,0,0,0,0,0,0,0,0,0,0,0,0,0,0,0,0,0,0,0,0,0,0,0,0,0,0,0,0,0,0,0,0,0,0,0,0,0,0,0,0,0,0,0,0,0,0,0,0,0,0
16,0,0,0,0.0048757295,0.0137986945,0.0650867025,0.0352664256,0,0,0,0,0,0,1.82745671333799E-05,0.0725638934,1,0.0944281783,0.0020351316,0,0,0,0,0,0.0003420494,0.012869349,0.1040173742,0.0777712086,0,0,0,0,0,0,0,0.0003023205,0.0004540768,0,0,0,0,0,0,0,0,0,0,0,0,0,0,0,0,0,0,0,0,0,0,0,0,0,0,0,0,0,0,0,0,0,0,0,0,0,0,0,0,0,0,0,0,0,0,0,0,0,0,0,0,0,0,0,0,0,0,0,0,0,0,0,0
17,0,0,0,0,0.0003502156,0.0185514693,0.0433500736,0.0426026558,0,0,0,0,0,0,0.0005195311,0.0944281783,1,0.1483193251,0.0036427527,0,0,0,0,0,0,0.0319433311,0.0194057127,0.0335751018,0,0,0,0,0,0,0,0.0002849127,0.0003632627,0.0001958704,0,0,0,0,0,0,0,0,0,0,0,0,0,0,0,0,0,0,0,0,0,0,0,0,0,0,0,0,0,0,0,0,0,0,0,0,0,0,0,0,0,0,0,0,0,0,0,0,0,0,0,0,0,0,0,0,0,0,0,0,0,0
18,0,0,0,0,0,1.04212320787459E-05,0.0070270626,0.086732257,0.0372607055,0.0018103697,0,0,0,0,0,0.0020351316,0.1483193251,1,0.1091160282,0.0007906556,0,0,0,0,0,4.89335001538518E-06,0.0152198992,0.1488752654,0.0599536177,0.0003804796,0,0,0,0,0,0,0.0005634995,0.0003349548,0.0001781077,0,0,0,0,0,0,0,0,0,0,0,0,0,0,0,0,0,0,0,0,0,0,0,0,0,0,0,0,0,0,0,0,0,0,0,0,0,0,0,0,0,0,0,0,0,0,0,0,0,0,0,0,0,0,0,0,0,0,0,0,0
19,0,0,0,0,0,0,0,0.0104335729,0.0682866422,0.0098771554,0,0,0,0,0,0,0.0036427527,0.1091160282,1,0.2304639598,0,0,0,0,0,0,0,0.0068376178,0.1296862154,0.028802849,0,0,0,0,0,0,0,0,0.0005347031,6.56024677872261E-05,0,0,0,0,0,0,0,0,0,0,0,0,0,0,0,0,0,0,0,0,0,0,0,0,0,0,0,0,0,0,0,0,0,0,0,0,0,0,0,0,0,0,0,0,0,0,0,0,0,0,0,0,0,0,0,0,0,0,0,0
20,0,0,0,0,0,0,0,0.001284232,0.0142787088,0.1841011984,0,0,0,0,0,0,0,0.0007906556,0.2304639598,1,0,0,0,0,0,0,0,7.99873827917462E-05,0.0282012011,0.0392298123,0,0,0,0,0,0,0,0,0.000243122,0.0008349555,0,0,0,0,0,0,0,0,0,0,0,0,0,0,0,0,0,0,0,0,0,0,0,0,0,0,0,0,0,0,0,0,0,0,0,0,0,0,0,0,0,0,0,0,0,0,0,0,0,0,0,0,0,0,0,0,0,0,0,0
21,0.0012914772,0,0,0,0,0,0,0,0,0,0.0427735657,0.0131823043,0.0002266842,0,0,0,0,0,0,0,1,0.1238101648,9.59405266003605E-05,0,0,0,0,0,0,0,0.0707677237,0.0060345858,2.38524097801392E-06,0,0,0,0,0,0,0,0.0004272613,0.0002397723,0,0,0,0,0,0,0,0,0,0,0,0,0,0,0,0,0,0,0,0,0,0,0,0,0,0,0,0,0,0,0,0,0,0,0,0,0,0,0,0,0,0,0,0,0,0,0,0,0,0,0,0,0,0,0,0,0,0
22,9.5972270301496E-07,0.0047556699,0.000158297,0,0,0,0,0,0,0,0.0359757761,0.0942913072,0.0125279792,0.0026485256,0,0,0,0,0,0,0.1238101648,1,0.0878105813,0.0020615248,0,0,0,0,0,0,0.0032960601,0.1242355571,0.0117972732,0.0007536324,0,0,0,0,0,0,4.8273608710564E-06,0.0006945297,0,0,0,0,0,0,0,0,0,0,0,0,0,0,0,0,0,0,0,0,0,0,0,0,0,0,0,0,0,0,0,0,0,0,0,0,0,0,0,0,0,0,0,0,0,0,0,0,0,0,0,0,0,0,0,0,0,0
23,0,0.0011355537,0.0003437088,0.0011265694,0,0,0,0,0,0,0.001760841,0.0227541168,0.0401430384,0.0095408654,0.0001026193,0,0,0,0,0,9.59405266003605E-05,0.0878105813,1,0.0560309669,0.0006326566,0,0,0,0,0,5.54144635048308E-06,0.0176693042,0.0364446232,0.0146948679,5.8403774541202E-05,0,0,0,0,0,0,0.0002030404,0.0019910386,0.0002765479,0,0,0,0,0,0,0,0,0,0,0,0,0,0,0,0,0,0,0,0,0,0,0,0,0,0,0,0,0,0,0,0,0,0,0,0,0,0,0,0,0,0,0,0,0,0,0,0,0,0,0,0,0,0,0,0
24,0,0,0.0003893329,0.0001821762,7.16562977048334E-07,0,0,0,0,0,0,0,0.0211498825,0.1085571558,0.0351884813,0.0003420494,0,0,0,0,0,0.0020615248,0.0560309669,1,0.0994489096,0.0019992041,0,0,0,0,0,0,0.0171485222,0.0659553634,0.0141883837,3.77780746437155E-06,0,0,0,0,0,0,0,2.35184063402337E-05,0.0029822898,0,0,0,0,0,0,0,0,0,0,0,0,0,0,0,0,0,0,0,0,0,0,0,0,0,0,0,0,0,0,0,0,0,0,0,0,0,0,0,0,0,0,0,0,0,0,0,0,0,0,0,0,0,0,0
25,0,0,0,0.000217272,0.000144967,3.57288496380711E-06,0,0,0,0,0,0,0.0010084467,0.0537651328,0.0753534078,0.012869349,0,0,0,0,0,0,0.0006326566,0.0994489096,1,0.0830288712,4.16720590806549E-05,0,0,0,0,0,1.83991231924027E-05,0.0024383719,0.0442086796,0.030670796,0,0,0,0,0,0,0,0,0.0002646728,0.0005830465,0,0,0,0,0,0,0,0,0,0,0,0,0,0,0,0,0,0,0,0,0,0,0,0,0,0,0,0,0,0,0,0,0,0,0,0,0,0,0,0,0,0,0,0,0,0,0,0,0,0,0,0,0,0
26,0,0,0,0,0,0.0004024804,6.80177955976141E-05,0,0,0,0,0,0,0,0.0296857458,0.1040173742,0.0319433311,4.89335001538518E-06,0,0,0,0,0,0.0019992041,0.0830288712,1,0.0537112062,0,0,0,0,0,0,0,0.0288941335,0.0543234055,0.0038353309,7.7025678019464E-06,0,0,0,0,0,0,0.0004631186,0.0025129346,0,0,0,0,0,0,0,0,0,0,0,0,0,0,0,0,0,0,0,0,0,0,0,0,0,0,0,0,0,0,0,0,0,0,0,0,0,0,0,0,0,0,0,0,0,0,0,0,0,0,0,0,0,0
27,0,0,0,0,0,0.0001466036,0.0013895509,0.0002318144,0,0,0,0,0,0,0.0003275409,0.0777712086,0.0194057127,0.0152198992,0,0,0,0,0,0,4.16720590806549E-05,0.0537112062,1,0.0864462411,0.0011012757,0,0,0,0,0,0.001396583,0.0435044651,0.1305411602,0.0130448195,7.63247273845789E-05,0,0,0,0,0,0,0.0004381972,0.0007304966,9.55475188318993E-05,0,0,0,0,0,0,0,0,0,0,0,0,0,0,0,0,0,0,0,0,0,0,0,0,0,0,0,0,0,0,0,0,0,0,0,0,0,0,0,0,0,0,0,0,0,0,0,0,0,0,0,0
28,0,0,0,0,0,0,0.0001237819,0.0010306165,0.0033254756,0,0,0,0,0,0,0,0.0335751018,0.1488752654,0.0068376178,7.99873827917462E-05,0,0,0,0,0,0,0.0864462411,1,0.038670697,0.0005605484,0,0,0,0,0,9.06853080860394E-05,0.0264840553,0.1231645382,0.031106071,3.89184862521552E-09,0,0,0,0,0,0,1.03826220921042E-05,0.0022361764,3.22194240978127E-06,0,0,0,0,0,0,0,0,0,0,0,0,0,0,0,0,0,0,0,0,0,0,0,0,0,0,0,0,0,0,0,0,0,0,0,0,0,0,0,0,0,0,0,0,0,0,0,0,0,0,0
29,0,0,0,0,0,0,0,4.49003723990075E-05,0.0004909372,0,0,0,0,0,0,0,0,0.0599536177,0.1296862154,0.0282012011,0,0,0,0,0,0,0.0011012757,0.038670697,1,0.1089999581,0,0,0,0,0,0,4.35568256494565E-06,0.0476664728,0.0379519188,0.0222950117,0,0,0,0,0,0,0,0,0.0055541464,3.48882436741326E-05,0,0,0,0,0,0,0,0,0,0,0,0,0,0,0,0,0,0,0,0,0,0,0,0,0,0,0,0,0,0,0,0,0,0,0,0,0,0,0,0,0,0,0,0,0,0,0,0,0,0
30,0,0,0,0,0,0,0,0,9.01740976363024E-06,0.0035895504,0,0,0,0,0,0,0,0.0003804796,0.028802849,0.0392298123,0,0,0,0,0,0,0,0.0005605484,0.1089999581,1,0,0,0,0,0,0,0,0,0.0291899963,0.0738917119,0,0,0,0,0,0,0,0,0.0001160129,0.0004215953,0,0,0,0,0,0,0,0,0,0,0,0,0,0,0,0,0,0,0,0,0,0,0,0,0,0,0,0,0,0,0,0,0,0,0,0,0,0,0,0,0,0,0,0,0,0,0,0,0,0
31,0,0,0,0,0,0,0,0,0,0,0.0001685144,2.43123024221491E-07,0,0,0,0,0,0,0,0,0.0707677237,0.0032960601,5.54144635048308E-06,0,0,0,0,0,0,0,1,0.0908835622,4.89725350333764E-05,0,0,0,0,0,0,0,0.0723870534,0.0108611956,0,0,0,0,0,0,0,0,0.0006557903,0.0001692902,0,0,0,0,0,0,0,0,0,0,0,0,0,0,0,0,0,0,0,0,0,0,0,0,0,0,0,0,0,0,0,0,0,0,0,0,0,0,0,0,0,0,0,0,0,0,0,0
32,0,0,0,0,0,0,0,0,0,0,3.96031282726336E-05,0.0012127639,0,0,0,0,0,0,0,0,0.0060345858,0.1242355571,0.0176693042,0,0,0,0,0,0,0,0.0908835622,1,0.081419566,0.0009223551,0,0,0,0,0,0,0.0391945587,0.0575501965,0.0333642276,0.0001880369,0,0,0,0,0,0,7.57736159315638E-05,0.0001936461,0.0021197085,0,0,0,0,0,0,0,0,0,0,0,0,0,0,0,0,0,0,0,0,0,0,0,0,0,0,0,0,0,0,0,0,0,0,0,0,0,0,0,0,0,0,0,0,0,0,0
33,0,0,0,0,0,0,0,0,0,0,0,2.22288950004682E-05,0.0024587685,0.0004418475,0,0,0,0,0,0,2.38524097801392E-06,0.0117972732,0.0364446232,0.0171485222,1.83991231924027E-05,0,0,0,0,0,4.89725350333764E-05,0.081419566,1,0.128093119,8.40132603703073E-05,0,0,0,0,0,0,0.0193157303,0.081894526,0.0204492224,1.87304526551687E-05,0,0,0,0,0,0,0,2.24734331587307E-05,0,0,0,0,0,0,0,0,0,0,0,0,0,0,0,0,0,0,0,0,0,0,0,0,0,0,0,0,0,0,0,0,0,0,0,0,0,0,0,0,0,0,0,0,0,0,0
34,0,0,0,0,0,0,0,0,0,0,0,0,2.9346736758221E-06,0.001868526,0.0027572972,0,0,0,0,0,0,0.0007536324,0.0146948679,0.0659553634,0.0024383719,0,0,0,0,0,0,0.0009223551,0.128093119,1,0.0176386163,0.0024834758,0,0,0,0,0,0.0003645534,0.0217158076,0.0868495625,0.0701099596,1.05335222831342E-05,0,0,0,0,0,0,0,0.0028828726,0.0009910847,0,0,0,0,0,0,0,0,0,0,0,0,0,0,0,0,0,0,0,0,0,0,0,0,0,0,0,0,0,0,0,0,0,0,0,0,0,0,0,0,0,0,0,0,0
35,0,0,0,0,0,0,0,0,0,0,0,0,0,0,0.0009124019,0.0003023205,0,0,0,0,0,0,5.8403774541202E-05,0.0141883837,0.0442086796,0.0288941335,0.001396583,0,0,0,0,0,8.40132603703073E-05,0.0176386163,1,0.0375389414,0.0021420353,0,0,0,0,0,0.0001124993,0.0128355875,0.1016887298,0.013708346,8.70632244818186E-06,0,0,0,0,0,0,0,0.0003953981,1.12463756621574E-05,0,0,0,0,0,0,0,0,0,0,0,0,0,0,0,0,0,0,0,0,0,0,0,0,0,0,0,0,0,0,0,0,0,0,0,0,0,0,0,0,0,0,0,0
36,0,0,0,0,0,0,0,0,0,0,0,0,0,0,0,0.0004540768,0.0002849127,0,0,0,0,0,0,3.77780746437155E-06,0.030670796,0.0543234055,0.0435044651,9.06853080860394E-05,0,0,0,0,0,0.0024834758,0.0375389414,1,0.083916481,0.0018185432,0,0,0,0,0,0.0004243504,0.0044521336,0.0789555448,0.0265393479,6.51107081502706E-06,0,0,0,0,0,0,4.33394854483045E-05,0.0001054996,0.0007489586,0,0,0,0,0,0,0,0,0,0,0,0,0,0,0,0,0,0,0,0,0,0,0,0,0,0,0,0,0,0,0,0,0,0,0,0,0,0,0,0,0,0,0
37,0,0,0,0,0,0,0,0,0,0,0,0,0,0,0,0,0.0003632627,0.0005634995,0,0,0,0,0,0,0,0.0038353309,0.1305411602,0.0264840553,4.35568256494565E-06,0,0,0,0,0,0.0021420353,0.083916481,1,0.114526627,0.0004388238,0,0,0,0,0,0.0003206276,0.0080200857,0.1233367213,0.0043587787,0.000360486,0,0,0,0,0,0,0,0.0042705022,7.31666169954463E-07,0,0,0,0,0,0,0,0,0,0,0,0,0,0,0,0,0,0,0,0,0,0,0,0,0,0,0,0,0,0,0,0,0,0,0,0,0,0,0,0,0,0
38,0,0,0,0,0,0,0,0,0,0,0,0,0,0,0,0,0.0001958704,0.0003349548,0,0,0,0,0,0,0,7.7025678019464E-06,0.0130448195,0.1231645382,0.0476664728,0,0,0,0,0,0,0.0018185432,0.114526627,1,0.1157550546,0.0108997253,0,0,0,0,0,0.0004669208,0.0343763801,0.3231510272,0.0045169788,0,0,0,0,0,0,0,3.51555862285735E-05,0.001036299,0.0001572879,0,0,0,0,0,0,0,0,0,0,0,0,0,0,0,0,0,0,0,0,0,0,0,0,0,0,0,0,0,0,0,0,0,0,0,0,0,0,0,0,0
39,0,0,0,0,0,0,0,0,0,0,0,0,0,0,0,0,0,0.0001781077,0.0005347031,0.000243122,0,0,0,0,0,0,7.63247273845789E-05,0.031106071,0.0379519188,0.0291899963,0,0,0,0,0,0,0.0004388238,0.1157550546,1,0.079324553,0,0,0,0,0,0,0.0002535443,0.01907568,0.0707077809,0.0141297055,0,0,0,0,0,0,0,0.000373072,0.0032900503,4.15842310642821E-05,0,0,0,0,0,0,0,0,0,0,0,0,0,0,0,0,0,0,0,0,0,0,0,0,0,0,0,0,0,0,0,0,0,0,0,0,0,0,0,0
40,0,0,0,0,0,0,0,0,0,0,0,0,0,0,0,0,0,0,6.56024677872261E-05,0.0008349555,0,0,0,0,0,0,0,3.89184862521552E-09,0.0222950117,0.0738917119,0,0,0,0,0,0,0,0.0108997253,0.079324553,1,0,0,0,0,0,0,0,9.99841743356472E-05,0.018338091,0.1095447213,0,0,0,0,0,0,0,0,0.0001277787,0,0,0,0,0,0,0,0,0,0,0,0,0,0,0,0,0,0,0,0,0,0,0,0,0,0,0,0,0,0,0,0,0,0,0,0,0,0,0,0,0
41,0,0,0,0,0,0,0,0,0,0,0,0,0,0,0,0,0,0,0,0,0.0004272613,4.8273608710564E-06,0,0,0,0,0,0,0,0,0.0723870534,0.0391945587,0,0,0,0,0,0,0,0,1,0.0488970734,0.000863426,0,0,0,0,0,0,0,0.0988197403,0.0205674787,0.0005503204,0,0,0,0,0,0,0,0.001893476,0.0014170015,0,0,0,0,0,0,0,0,0,0,0,0,0,0,0,0,0,0,0,0,0,0,0,0,0,0,0,0,0,0,0,0,0,0,0,0,0,0
42,0,0,0,0,0,0,0,0,0,0,0,0,0,0,0,0,0,0,0,0,0.0002397723,0.0006945297,0.0002030404,0,0,0,0,0,0,0,0.0108611956,0.0575501965,0.0193157303,0.0003645534,0,0,0,0,0,0,0.0488970734,1,0.0523635199,0.0109802667,0,0,0,0,0,0,0.0146898524,0.0610431367,0.0305251444,0,0,0,0,0,0,0,0.0014256328,0.0017183243,0.0014492431,0,0,0,0,0,0,0,0,0,0,0,0,0,0,0,0,0,0,0,0,0,0,0,0,0,0,0,0,0,0,0,0,0,0,0,0,0
43,0,0,0,0,0,0,0,0,0,0,0,0,0,0,0,0,0,0,0,0,0,0,0.0019910386,0,0,0,0,0,0,0,0,0.0333642276,0.081894526,0.0217158076,0.0001124993,0,0,0,0,0,0.000863426,0.0523635199,1,0.0940142904,9.73001301014827E-05,0,0,0,0,0,0,0.0272271641,0.0436885118,0.0125701387,3.22028143551467E-06,0,0,0,0,0,0,0.0001344339,0.0011989506,0.0011233334,0,0,0,0,0,0,0,0,0,0,0,0,0,0,0,0,0,0,0,0,0,0,0,0,0,0,0,0,0,0,0,0,0,0,0,0
44,0,0,0,0,0,0,0,0,0,0,0,0,0,0,0,0,0,0,0,0,0,0,0.0002765479,2.35184063402337E-05,0,0,0,0,0,0,0,0.0001880369,0.0204492224,0.0868495625,0.0128355875,0.0004243504,0,0,0,0,0,0.0109802667,0.0940142904,1,0.0637282614,0.0011438497,0,0,0,0,0,0,0.014028146,0.107281967,0.0543821649,5.82544775156048E-05,0,0,0,0,0,0,0.000212136,0.0015844967,0.0015353877,0,0,0,0,0,0,0,0,0,0,0,0,0,0,0,0,0,0,0,0,0,0,0,0,0,0,0,0,0,0,0,0,0,0,0
45,0,0,0,0,0,0,0,0,0,0,0,0,0,0,0,0,0,0,0,0,0,0,0,0.0029822898,0.0002646728,0.0004631186,0,0,0,0,0,0,1.87304526551687E-05,0.0701099596,0.1016887298,0.0044521336,0.0003206276,0,0,0,0,0,9.73001301014827E-05,0.0637282614,1,0.0697482921,3.11897895201564E-05,0,0,0,0,0,0.000811091,0.0332993336,0.1643493152,0.0417173092,1.68272218770476E-06,0,0,0,0,0,0,0.0004972161,0.0011009579,2.25214831556801E-05,0,0,0,0,0,0,0,0,0,0,0,0,0,0,0,0,0,0,0,0,0,0,0,0,0,0,0,0,0,0,0,0,0,0
46,0,0,0,0,0,0,0,0,0,0,0,0,0,0,0,0,0,0,0,0,0,0,0,0,0.0005830465,0.0025129346,0.0004381972,0,0,0,0,0,0,1.05335222831342E-05,0.013708346,0.0789555448,0.0080200857,0.0004669208,0,0,0,0,0,0.0011438497,0.0697482921,1,0.0759147431,1.37941697682571E-06,0,0,0,0,0,9.7505007238285E-06,0.006939426,0.102017014,0.0210342814,0,0,0,0,0,0,0,9.41763864355198E-05,0.0065020749,6.83723720411986E-06,0,0,0,0,0,0,0,0,0,0,0,0,0,0,0,0,0,0,0,0,0,0,0,0,0,0,0,0,0,0,0,0,0
47,0,0,0,0,0,0,0,0,0,0,0,0,0,0,0,0,0,0,0,0,0,0,0,0,0,0,0.0007304966,1.03826220921042E-05,0,0,0,0,0,0,8.70632244818186E-06,0.0265393479,0.1233367213,0.0343763801,0.0002535443,0,0,0,0,0,3.11897895201564E-05,0.0759147431,1,0.0927512315,3.19516862801313E-05,0,0,0,0,0,0,0.0190237909,0.0380742361,0.0084663256,4.26128482458667E-05,0,0,0,0,0,0,0.0003457306,0.0074300859,3.22869356400038E-05,0,0,0,0,0,0,0,0,0,0,0,0,0,0,0,0,0,0,0,0,0,0,0,0,0,0,0,0,0,0,0,0
48,0,0,0,0,0,0,0,0,0,0,0,0,0,0,0,0,0,0,0,0,0,0,0,0,0,0,9.55475188318993E-05,0.0022361764,0,0,0,0,0,0,0,6.51107081502706E-06,0.0043587787,0.3231510272,0.01907568,9.99841743356472E-05,0,0,0,0,0,1.37941697682571E-06,0.0927512315,1,0.0548097563,0.0040799734,0,0,0,0,0,0.000023609,0.04269016,0.0978008272,0.0268445636,0.0011812271,0,0,0,0,0,0,0.0002166259,0.0015546108,0.0003204779,0,0,0,0,0,0,0,0,0,0,0,0,0,0,0,0,0,0,0,0,0,0,0,0,0,0,0,0,0,0,0
49,0,0,0,0,0,0,0,0,0,0,0,0,0,0,0,0,0,0,0,0,0,0,0,0,0,0,0,3.22194240978127E-06,0.0055541464,0.0001160129,0,0,0,0,0,0,0.000360486,0.0045169788,0.0707077809,0.018338091,0,0,0,0,0,0,3.19516862801313E-05,0.0548097563,1,0.0686454627,0,0,0,0,0,0,0.000110214,0.0363240934,0.1729992622,0.039655632,0,0,0,0,0,0,0,1.24313077782062E-05,0.0022148671,0.0002031824,0,0,0,0,0,0,0,0,0,0,0,0,0,0,0,0,0,0,0,0,0,0,0,0,0,0,0,0,0,0
50,0,0,0,0,0,0,0,0,0,0,0,0,0,0,0,0,0,0,0,0,0,0,0,0,0,0,0,0,3.48882436741326E-05,0.0004215953,0,0,0,0,0,0,0,0,0.0141297055,0.1095447213,0,0,0,0,0,0,0,0.0040799734,0.0686454627,1,0,0,0,0,0,0,0,9.70008378906102E-05,0.0111798698,0.1204565398,0,0,0,0,0,0,0,0,2.14196616232848E-07,0.0021945041,0,0,0,0,0,0,0,0,0,0,0,0,0,0,0,0,0,0,0,0,0,0,0,0,0,0,0,0,0,0
51,0,0,0,0,0,0,0,0,0,0,0,0,0,0,0,0,0,0,0,0,0,0,0,0,0,0,0,0,0,0,0.0006557903,7.57736159315638E-05,0,0,0,0,0,0,0,0,0.0988197403,0.0146898524,0,0,0,0,0,0,0,0,1,0.0418206352,0.0006568906,0,0,0,0,0,0,0,0.0390964398,0.0239901272,1.60358856590922E-05,0,0,0,0,0,0,0,0.0001576435,0,0,0,0,0,0,0,0,0,0,0,0,0,0,0,0,0,0,0,0,0,0,0,0,0,0,0,0,0
52,0,0,0,0,0,0,0,0,0,0,0,0,0,0,0,0,0,0,0,0,0,0,0,0,0,0,0,0,0,0,0.0001692902,0.0001936461,0,0,0,0,0,0,0,0,0.0205674787,0.0610431367,0.0272271641,0,0,0,0,0,0,0,0.0418206352,1,0.0406806118,0.0029694595,0,0,0,0,0,0,0.0216171116,0.0671545351,0.008455956,0,0,0,0,0,0,0,0.0001168023,0.0007890485,0,0,0,0,0,0,0,0,0,0,0,0,0,0,0,0,0,0,0,0,0,0,0,0,0,0,0,0
53,0,0,0,0,0,0,0,0,0,0,0,0,0,0,0,0,0,0,0,0,0,0,0,0,0,0,0,0,0,0,0,0.0021197085,2.24734331587307E-05,0,0,0,0,0,0,0,0.0005503204,0.0305251444,0.0436885118,0.014028146,0.000811091,0,0,0,0,0,0.0006568906,0.0406806118,1,0.037136645,0.0007711279,0,0,0,0,0,0,0.0201954682,0.1479817036,0.0238426118,0.0010326741,0,0,0,0,0,0,0,0.0001115402,0,0,0,0,0,0,0,0,0,0,0,0,0,0,0,0,0,0,0,0,0,0,0,0,0,0,0
54,0,0,0,0,0,0,0,0,0,0,0,0,0,0,0,0,0,0,0,0,0,0,0,0,0,0,0,0,0,0,0,0,0,0.0028828726,0,0,0,0,0,0,0,0,0.0125701387,0.107281967,0.0332993336,9.7505007238285E-06,0,0,0,0,0,0.0029694595,0.037136645,1,0.1153757727,0.0038694554,0,0,0,0,0,0.001045056,0.0106459807,0.118449028,0.0115011274,0,0,0,0,0,0,0,0,0.0002889094,0.0006029604,0,0,0,0,0,0,0,0,0,0,0,0,0,0,0,0,0,0,0,0,0,0,0,0,0
55,0,0,0,0,0,0,0,0,0,0,0,0,0,0,0,0,0,0,0,0,0,0,0,0,0,0,0,0,0,0,0,0,0,0.0009910847,0.0003953981,4.33394854483045E-05,0,0,0,0,0,0,3.22028143551467E-06,0.0543821649,0.1643493152,0.006939426,0,0,0,0,0,0,0.0007711279,0.1153757727,1,0.1119278184,0.0007410265,0,0,0,0,0,2.67926135421245E-05,0.0316272846,0.0549106174,0.0146493718,0.0001360375,0,0,0,0,0,0,0.0001978873,0.000846399,0.000389451,0,0,0,0,0,0,0,0,0,0,0,0,0,0,0,0,0,0,0,0,0,0,0,0
56,0,0,0,0,0,0,0,0,0,0,0,0,0,0,0,0,0,0,0,0,0,0,0,0,0,0,0,0,0,0,0,0,0,0,1.12463756621574E-05,0.0001054996,0,0,0,0,0,0,0,5.82544775156048E-05,0.0417173092,0.102017014,0.0190237909,0.000023609,0,0,0,0,0,0.0038694554,0.1119278184,1,0.1209328337,0.0001461071,0,0,0,0,0,1.64309433542252E-05,0.0130694547,0.0866014861,0.074354382,0,0,0,0,0,0,0,0,0.0013781418,0.0017596567,0,0,0,0,0,0,0,0,0,0,0,0,0,0,0,0,0,0,0,0,0,0,0
57,0,0,0,0,0,0,0,0,0,0,0,0,0,0,0,0,0,0,0,0,0,0,0,0,0,0,0,0,0,0,0,0,0,0,0,0.0007489586,0.0042705022,3.51555862285735E-05,0,0,0,0,0,0,1.68272218770476E-06,0.0210342814,0.0380742361,0.04269016,0.000110214,0,0,0,0,0,0.0007410265,0.1209328337,1,0.0437195548,0.0010619662,0,0,0,0,0,0,0.0327653868,0.085979168,0.0219006384,0.0005205914,0,0,0,0,0,0,0.0002255073,0.0006873181,0.0001397651,0,0,0,0,0,0,0,0,0,0,0,0,0,0,0,0,0,0,0,0,0,0
58,0,0,0,0,0,0,0,0,0,0,0,0,0,0,0,0,0,0,0,0,0,0,0,0,0,0,0,0,0,0,0,0,0,0,0,0,7.31666169954463E-07,0.001036299,0.000373072,0,0,0,0,0,0,0,0.0084663256,0.0978008272,0.0363240934,9.70008378906102E-05,0,0,0,0,0,0.0001461071,0.0437195548,1,0.055218276,0.0009798487,0,0,0,0,0,0,0.0263766128,0.0895061536,0.0743909791,0.0027231917,0,0,0,0,0,0,0,0.0129079546,8.31003725772268E-05,0,0,0,0,0,0,0,0,0,0,0,0,0,0,0,0,0,0,0,0,0
59,0,0,0,0,0,0,0,0,0,0,0,0,0,0,0,0,0,0,0,0,0,0,0,0,0,0,0,0,0,0,0,0,0,0,0,0,0,0.0001572879,0.0032900503,0.0001277787,0,0,0,0,0,0,4.26128482458667E-05,0.0268445636,0.1729992622,0.0111798698,0,0,0,0,0,0,0.0010619662,0.055218276,1,0.1127638442,0,0,0,0,0,0,0.0002558985,0.0244635859,0.052341075,0.0251083491,0,0,0,0,0,0,0,0,0.0007311108,6.25089642517535E-06,0,0,0,0,0,0,0,0,0,0,0,0,0,0,0,0,0,0,0,0
60,0,0,0,0,0,0,0,0,0,0,0,0,0,0,0,0,0,0,0,0,0,0,0,0,0,0,0,0,0,0,0,0,0,0,0,0,0,0,4.15842310642821E-05,0,0,0,0,0,0,0,0,0.0011812271,0.039655632,0.1204565398,0,0,0,0,0,0,0,0.0009798487,0.1127638442,1,0,0,0,0,0,0,0,0.0003233213,0.0305827479,0.0887732642,0,0,0,0,0,0,0,0,0,7.40077495203666E-07,0,0,0,0,0,0,0,0,0,0,0,0,0,0,0,0,0,0,0,0
61,0,0,0,0,0,0,0,0,0,0,0,0,0,0,0,0,0,0,0,0,0,0,0,0,0,0,0,0,0,0,0,0,0,0,0,0,0,0,0,0,0.001893476,0.0014256328,0,0,0,0,0,0,0,0,0.0390964398,0.0216171116,0,0,0,0,0,0,0,0,1,0.044652258,8.01967884428714E-06,0,0,0,0,0,0,0,0.0425164025,0.0163804313,0.0001920082,0,0,0,0,0,0,0,1.24176504331107E-06,8.64175730902379E-05,0,0,0,0,0,0,0,0,0,0,0,0,0,0,0,0,0,0
62,0,0,0,0,0,0,0,0,0,0,0,0,0,0,0,0,0,0,0,0,0,0,0,0,0,0,0,0,0,0,0,0,0,0,0,0,0,0,0,0,0.0014170015,0.0017183243,0.0001344339,0,0,0,0,0,0,0,0.0239901272,0.0671545351,0.0201954682,0.001045056,0,0,0,0,0,0,0.044652258,1,0.0614385956,0.0020951668,0,0,0,0,0,0,0.0290459737,0.1006344611,0.0447595594,0.0003365319,0,0,0,0,0,0,0.0001831758,8.32859636508878E-07,0,0,0,0,0,0,0,0,0,0,0,0,0,0,0,0,0,0
63,0,0,0,0,0,0,0,0,0,0,0,0,0,0,0,0,0,0,0,0,0,0,0,0,0,0,0,0,0,0,0,0,0,0,0,0,0,0,0,0,0,0.0014492431,0.0011989506,0.000212136,0,0,0,0,0,0,1.60358856590922E-05,0.008455956,0.1479817036,0.0106459807,2.67926135421245E-05,0,0,0,0,0,8.01967884428714E-06,0.0614385956,1,0.0521152705,0.000001293,0,0,0,0,0,0,0.0489510353,0.0665328515,0.0157372284,0.0002872782,0,0,0,0,0,0,0,0.0005715256,5.47118052149947E-06,0,0,0,0,0,0,0,0,0,0,0,0,0,0,0,0
64,0,0,0,0,0,0,0,0,0,0,0,0,0,0,0,0,0,0,0,0,0,0,0,0,0,0,0,0,0,0,0,0,0,0,0,0,0,0,0,0,0,0,0.0011233334,0.0015844967,0.0004972161,0,0,0,0,0,0,0,0.0238426118,0.118449028,0.0316272846,1.64309433542252E-05,0,0,0,0,0,0.0020951668,0.0521152705,1,0.071581744,0.0013152271,0,0,0,0,0,0.0002514295,0.0146359466,0.1406309126,0.0116941905,0.000338884,0,0,0,0,0,0,0.0003798189,0.0001193203,0.0004058406,0,0,0,0,0,0,0,0,0,0,0,0,0,0,0
65,0,0,0,0,0,0,0,0,0,0,0,0,0,0,0,0,0,0,0,0,0,0,0,0,0,0,0,0,0,0,0,0,0,0,0,0,0,0,0,0,0,0,0,0.0015353877,0.0011009579,9.41763864355198E-05,0,0,0,0,0,0,0.0010326741,0.0115011274,0.0549106174,0.0130694547,0,0,0,0,0,0,0.000001293,0.071581744,1,0.0906098813,0.0008854377,0,0,0,0,0,0,0.010971434,0.087895336,0.0167765126,1.94890615469966E-05,0,0,0,0,0,0,4.53344567686011E-05,0.006153319,0,0,0,0,0,0,0,0,0,0,0,0,0,0,0
66,0,0,0,0,0,0,0,0,0,0,0,0,0,0,0,0,0,0,0,0,0,0,0,0,0,0,0,0,0,0,0,0,0,0,0,0,0,0,0,0,0,0,0,0,2.25214831556801E-05,0.0065020749,0.0003457306,0,0,0,0,0,0,0,0.0146493718,0.0866014861,0.0327653868,0,0,0,0,0,0,0.0013152271,0.0906098813,1,0.2622933863,0.0029506495,0,0,0,0,0,0,0.0265846539,0.0650457279,0.0205532406,0.000003405,0,0,0,0,0,0,0.0005281758,0.0003882995,0.0004897347,0,0,0,0,0,0,0,0,0,0,0,0,0
67,0,0,0,0,0,0,0,0,0,0,0,0,0,0,0,0,0,0,0,0,0,0,0,0,0,0,0,0,0,0,0,0,0,0,0,0,0,0,0,0,0,0,0,0,0,6.83723720411986E-06,0.0074300859,0.0002166259,0,0,0,0,0,0,0.0001360375,0.074354382,0.085979168,0.0263766128,0.0002558985,0,0,0,0,0,0.0008854377,0.2622933863,1,0.1004552558,0.0015186943,0,0,0,0,0,2.72237548705363E-05,0.027306162,0.0538987309,0.0380877489,8.98484056833287E-05,0,0,0,0,0,0,9.58675710802945E-05,0.0008627265,0,0,0,0,0,0,0,0,0,0,0,0,0
68,0,0,0,0,0,0,0,0,0,0,0,0,0,0,0,0,0,0,0,0,0,0,0,0,0,0,0,0,0,0,0,0,0,0,0,0,0,0,0,0,0,0,0,0,0,0,3.22869356400038E-05,0.0015546108,1.24313077782062E-05,0,0,0,0,0,0,0,0.0219006384,0.0895061536,0.0244635859,0.0003233213,0,0,0,0,0,0.0029506495,0.1004552558,1,0.0841818009,4.57515305430494E-05,0,0,0,0,0,0.001297444,0.0158893347,0.0735777405,0.0378052417,4.39642828493389E-05,0,0,0,0,0,0,0.000002243,0.0006140924,0.0054577745,0,0,0,0,0,0,0,0,0,0,0
69,0,0,0,0,0,0,0,0,0,0,0,0,0,0,0,0,0,0,0,0,0,0,0,0,0,0,0,0,0,0,0,0,0,0,0,0,0,0,0,0,0,0,0,0,0,0,0,0.0003204779,0.0022148671,2.14196616232848E-07,0,0,0,0,0,0,0.0005205914,0.0743909791,0.052341075,0.0305827479,0,0,0,0,0,0,0.0015186943,0.0841818009,1,0.1435690484,0,0,0,0,0,0,6.34588767183287E-05,0.0363884411,0.0844507943,0.0449972601,0,0,0,0,0,0,0,0,0.0010539126,0.0011705998,0,0,0,0,0,0,0,0,0,0
70,0,0,0,0,0,0,0,0,0,0,0,0,0,0,0,0,0,0,0,0,0,0,0,0,0,0,0,0,0,0,0,0,0,0,0,0,0,0,0,0,0,0,0,0,0,0,0,0,0.0002031824,0.0021945041,0,0,0,0,0,0,0,0.0027231917,0.0251083491,0.0887732642,0,0,0,0,0,0,0,4.57515305430494E-05,0.1435690484,1,0,0,0,0,0,0,0,0.0003881615,0.0395568463,0.0921814744,0,0,0,0,0,0,0,0,1.94552481619038E-05,0.0025841249,0,0,0,0,0,0,0,0,0,0
71,0,0,0,0,0,0,0,0,0,0,0,0,0,0,0,0,0,0,0,0,0,0,0,0,0,0,0,0,0,0,0,0,0,0,0,0,0,0,0,0,0,0,0,0,0,0,0,0,0,0,0.0001576435,0.0001168023,0,0,0,0,0,0,0,0,0.0425164025,0.0290459737,0,0,0,0,0,0,0,0,1,0.0610395385,0.0027612471,0,0,0,0,0,0,0,0.1273059309,0.0130985941,1.73348023896245E-06,0,0,0,0,0,0,0,3.0839754745711E-05,0.0004026101,0,0,0,0,0,0,0,0
72,0,0,0,0,0,0,0,0,0,0,0,0,0,0,0,0,0,0,0,0,0,0,0,0,0,0,0,0,0,0,0,0,0,0,0,0,0,0,0,0,0,0,0,0,0,0,0,0,0,0,0,0.0007890485,0,0,0,0,0,0,0,0,0.0163804313,0.1006344611,0.0489510353,0.0002514295,0,0,0,0,0,0,0.0610395385,1,0.1201548634,0.0019314736,0,0,0,0,0,0,0.0114759336,0.0853541023,0.0468619162,0.000000031,0,0,0,0,0,0,2.83445164878507E-05,0.0003875469,0,0,0,0,0,0,0,0
73,0,0,0,0,0,0,0,0,0,0,0,0,0,0,0,0,0,0,0,0,0,0,0,0,0,0,0,0,0,0,0,0,0,0,0,0,0,0,0,0,0,0,0,0,0,0,0,0,0,0,0,0,0.0001115402,0,0,0,0,0,0,0,0.0001920082,0.0447595594,0.0665328515,0.0146359466,0,0,0,0,0,0,0.0027612471,0.1201548634,1,0.1162485874,0.0095132028,0,0,0,0,0,2.66821293105689E-05,0.0071992338,0.0998061116,0.0166562265,1.65698194137158E-05,0,0,0,0,0,0,1.73247672697023E-05,0.0030904839,5.13309442075189E-05,0,0,0,0,0,0
74,0,0,0,0,0,0,0,0,0,0,0,0,0,0,0,0,0,0,0,0,0,0,0,0,0,0,0,0,0,0,0,0,0,0,0,0,0,0,0,0,0,0,0,0,0,0,0,0,0,0,0,0,0,0.0002889094,0.0001978873,0,0,0,0,0,0,0.0003365319,0.0157372284,0.1406309126,0.010971434,0,0,0,0,0,0,0.0019314736,0.1162485874,1,0.1357703799,0.0013188826,0,0,0,0,0,0,0.0261806497,0.1501687683,0.0220246691,0.000126758,0,0,0,0,0,0,8.45355969213701E-09,0.0036293452,6.20882567488222E-05,0,0,0,0,0
75,0,0,0,0,0,0,0,0,0,0,0,0,0,0,0,0,0,0,0,0,0,0,0,0,0,0,0,0,0,0,0,0,0,0,0,0,0,0,0,0,0,0,0,0,0,0,0,0,0,0,0,0,0,0.0006029604,0.000846399,0,0,0,0,0,0,0,0.0002872782,0.0116941905,0.087895336,0.0265846539,2.72237548705363E-05,0,0,0,0,0,0.0095132028,0.1357703799,1,0.0943657919,0.0064827914,0,0,0,0,0,0.0001663915,0.0178443006,0.0563437046,0.0366855277,2.99032023610717E-05,0,0,0,0,0,0,0.0001928688,0.0020735882,2.03407208462574E-06,0,0,0,0
76,0,0,0,0,0,0,0,0,0,0,0,0,0,0,0,0,0,0,0,0,0,0,0,0,0,0,0,0,0,0,0,0,0,0,0,0,0,0,0,0,0,0,0,0,0,0,0,0,0,0,0,0,0,0,0.000389451,0.0013781418,0.0002255073,0,0,0,0,0,0,0.000338884,0.0167765126,0.0650457279,0.027306162,0.001297444,0,0,0,0,0,0.0013188826,0.0943657919,1,0.1232701281,0.0037964711,0,0,0,0,0,0,0.0095885624,0.1160176321,0.0094853456,0.0008749722,0,0,0,0,0,0,0,0.0008082642,0,0,0,0
77,0,0,0,0,0,0,0,0,0,0,0,0,0,0,0,0,0,0,0,0,0,0,0,0,0,0,0,0,0,0,0,0,0,0,0,0,0,0,0,0,0,0,0,0,0,0,0,0,0,0,0,0,0,0,0,0.0017596567,0.0006873181,0,0,0,0,0,0,0,1.94890615469966E-05,0.0205532406,0.0538987309,0.0158893347,6.34588767183287E-05,0,0,0,0,0,0.0064827914,0.1232701281,1,0.0458441037,0,0,0,0,0,0,2.21194276957598E-06,0.0133417082,0.0668776954,0.0182477522,0.0004976997,0,0,0,0,0,0,5.90998026433507E-05,6.74678340258556E-05,0.0012983584,0,0
78,0,0,0,0,0,0,0,0,0,0,0,0,0,0,0,0,0,0,0,0,0,0,0,0,0,0,0,0,0,0,0,0,0,0,0,0,0,0,0,0,0,0,0,0,0,0,0,0,0,0,0,0,0,0,0,0,0.0001397651,0.0129079546,0,0,0,0,0,0,0,0.000003405,0.0380877489,0.0735777405,0.0363884411,0.0003881615,0,0,0,0,0,0.0037964711,0.0458441037,1,0.0630179911,0.000351887,0,0,0,0,0,0.0003949867,0.0230908395,0.1157017438,0.0314031744,1.67717330367407E-05,0,0,0,0,0,0,0.0010519679,0.0003780901,4.27221332038903E-06,0
79,0,0,0,0,0,0,0,0,0,0,0,0,0,0,0,0,0,0,0,0,0,0,0,0,0,0,0,0,0,0,0,0,0,0,0,0,0,0,0,0,0,0,0,0,0,0,0,0,0,0,0,0,0,0,0,0,0,8.31003725772268E-05,0.0007311108,0,0,0,0,0,0,0,8.98484056833287E-05,0.0378052417,0.0844507943,0.0395568463,0,0,0,0,0,0,0,0.0630179911,1,0.0855856584,0,0,0,0,0,0,0.0001316777,0.010399495,0.133470409,0.0158667202,0,0,0,0,0,0,0,0.0004282735,0.0027623922,0
80,0,0,0,0,0,0,0,0,0,0,0,0,0,0,0,0,0,0,0,0,0,0,0,0,0,0,0,0,0,0,0,0,0,0,0,0,0,0,0,0,0,0,0,0,0,0,0,0,0,0,0,0,0,0,0,0,0,0,6.25089642517535E-06,7.40077495203666E-07,0,0,0,0,0,0,0,4.39642828493389E-05,0.0449972601,0.0921814744,0,0,0,0,0,0,0,0.000351887,0.0855856584,1,0,0,0,0,0,0,0,0.0001171589,0.0228867564,0.07395998,0,0,0,0,0,0,0,0,0.0055284308,0.0007158488
81,0,0,0,0,0,0,0,0,0,0,0,0,0,0,0,0,0,0,0,0,0,0,0,0,0,0,0,0,0,0,0,0,0,0,0,0,0,0,0,0,0,0,0,0,0,0,0,0,0,0,0,0,0,0,0,0,0,0,0,0,1.24176504331107E-06,0.0001831758,0,0,0,0,0,0,0,0,0.1273059309,0.0114759336,2.66821293105689E-05,0,0,0,0,0,0,0,1,0.2295275881,0.00021359,0,0,0,0,0,0,0,0.1014394421,0.0117779157,1.50451773554071E-05,0,0,0,0,0,0,0
82,0,0,0,0,0,0,0,0,0,0,0,0,0,0,0,0,0,0,0,0,0,0,0,0,0,0,0,0,0,0,0,0,0,0,0,0,0,0,0,0,0,0,0,0,0,0,0,0,0,0,0,0,0,0,0,0,0,0,0,0,8.64175730902379E-05,8.32859636508878E-07,0,0,0,0,0,0,0,0,0.0130985941,0.0853541023,0.0071992338,0,0,0,0,0,0,0,0.2295275881,1,0.1652530321,0.0015205656,0,0,0,0,0,0,0.0335190628,0.2250999273,0.008091587,0.0006373222,0,0,0,0,0,0
83,0,0,0,0,0,0,0,0,0,0,0,0,0,0,0,0,0,0,0,0,0,0,0,0,0,0,0,0,0,0,0,0,0,0,0,0,0,0,0,0,0,0,0,0,0,0,0,0,0,0,0,0,0,0,0,0,0,0,0,0,0,0,0.0005715256,0.0003798189,0,0,0,0,0,0,1.73348023896245E-06,0.0468619162,0.0998061116,0.0261806497,0.0001663915,0,0,0,0,0,0.00021359,0.1652530321,1,0.1395961004,0.0012735664,0,0,0,0,0,0.0021522692,0.0238953973,0.0855145695,0.0119173276,0.0008920503,0,0,0,0,0
84,0,0,0,0,0,0,0,0,0,0,0,0,0,0,0,0,0,0,0,0,0,0,0,0,0,0,0,0,0,0,0,0,0,0,0,0,0,0,0,0,0,0,0,0,0,0,0,0,0,0,0,0,0,0,0,0,0,0,0,0,0,0,5.47118052149947E-06,0.0001193203,4.53344567686011E-05,0,0,0,0,0,0,0.000000031,0.0166562265,0.1501687683,0.0178443006,0,0,0,0,0,0,0.0015205656,0.1395961004,1,0.0572684174,0.000346668,0,0,0,0,0,9.81453866071701E-06,0.0052106481,0.0970610422,0.0458948212,0,0,0,0,0
85,0,0,0,0,0,0,0,0,0,0,0,0,0,0,0,0,0,0,0,0,0,0,0,0,0,0,0,0,0,0,0,0,0,0,0,0,0,0,0,0,0,0,0,0,0,0,0,0,0,0,0,0,0,0,0,0,0,0,0,0,0,0,0,0.0004058406,0.006153319,0.0005281758,0,0,0,0,0,0,1.65698194137158E-05,0.0220246691,0.0563437046,0.0095885624,2.21194276957598E-06,0,0,0,0,0,0.0012735664,0.0572684174,1,0.0740626612,0.0011866888,0,0,0,0,0,6.72476521107762E-06,0.0246285108,0.0946224879,0.0211638463,0.0005494431,0,0,0
86,0,0,0,0,0,0,0,0,0,0,0,0,0,0,0,0,0,0,0,0,0,0,0,0,0,0,0,0,0,0,0,0,0,0,0,0,0,0,0,0,0,0,0,0,0,0,0,0,0,0,0,0,0,0,0,0,0,0,0,0,0,0,0,0,0,0.0003882995,9.58675710802945E-05,0,0,0,0,0,0,0.000126758,0.0366855277,0.1160176321,0.0133417082,0.0003949867,0,0,0,0,0,0.000346668,0.0740626612,1,0.0753108355,0.0022371654,0,0,0,0,0,0,0.0316073442,0.1413402753,0.0193431637,0,0,0
87,0,0,0,0,0,0,0,0,0,0,0,0,0,0,0,0,0,0,0,0,0,0,0,0,0,0,0,0,0,0,0,0,0,0,0,0,0,0,0,0,0,0,0,0,0,0,0,0,0,0,0,0,0,0,0,0,0,0,0,0,0,0,0,0,0,0.0004897347,0.0008627265,0.000002243,0,0,0,0,0,0,2.99032023610717E-05,0.0094853456,0.0668776954,0.0230908395,0.0001316777,0,0,0,0,0,0.0011866888,0.0753108355,1,0.0760855822,0.0075033281,0,0,0,0,0,3.09415046754869E-05,0.0331891311,0.0724506533,0.0052427138,1.58105734377452E-06,0
88,0,0,0,0,0,0,0,0,0,0,0,0,0,0,0,0,0,0,0,0,0,0,0,0,0,0,0,0,0,0,0,0,0,0,0,0,0,0,0,0,0,0,0,0,0,0,0,0,0,0,0,0,0,0,0,0,0,0,0,0,0,0,0,0,0,0,0,0.0006140924,0,0,0,0,0,0,0,0.0008749722,0.0182477522,0.1157017438,0.010399495,0.0001171589,0,0,0,0,0,0.0022371654,0.0760855822,1,0.0781274897,0.0063410649,0,0,0,0,0,2.94633754402523E-05,0.0673779993,0.075661682,0.0417289909,0.0002588837
89,0,0,0,0,0,0,0,0,0,0,0,0,0,0,0,0,0,0,0,0,0,0,0,0,0,0,0,0,0,0,0,0,0,0,0,0,0,0,0,0,0,0,0,0,0,0,0,0,0,0,0,0,0,0,0,0,0,0,0,0,0,0,0,0,0,0,0,0.0054577745,0.0010539126,1.94552481619038E-05,0,0,0,0,0,0,0.0004976997,0.0314031744,0.133470409,0.0228867564,0,0,0,0,0,0,0.0075033281,0.0781274897,1,0.0555143842,0,0,0,0,0,0,2.33386800101391E-06,0.0237103034,0.1656701745,0.02355926
90,0,0,0,0,0,0,0,0,0,0,0,0,0,0,0,0,0,0,0,0,0,0,0,0,0,0,0,0,0,0,0,0,0,0,0,0,0,0,0,0,0,0,0,0,0,0,0,0,0,0,0,0,0,0,0,0,0,0,0,0,0,0,0,0,0,0,0,0,0.0011705998,0.0025841249,0,0,0,0,0,0,0,1.67717330367407E-05,0.0158667202,0.07395998,0,0,0,0,0,0,0,0.0063410649,0.0555143842,1,0,0,0,0,0,0,0,0.0003061961,0.0203455085,0.0319353437
91,0,0,0,0,0,0,0,0,0,0,0,0,0,0,0,0,0,0,0,0,0,0,0,0,0,0,0,0,0,0,0,0,0,0,0,0,0,0,0,0,0,0,0,0,0,0,0,0,0,0,0,0,0,0,0,0,0,0,0,0,0,0,0,0,0,0,0,0,0,0,3.0839754745711E-05,2.83445164878507E-05,0,0,0,0,0,0,0,0,0.1014394421,0.0335190628,0.0021522692,0,0,0,0,0,0,0,1,0.048820778,0.0007478157,0,0,0,0,0,0,0
92,0,0,0,0,0,0,0,0,0,0,0,0,0,0,0,0,0,0,0,0,0,0,0,0,0,0,0,0,0,0,0,0,0,0,0,0,0,0,0,0,0,0,0,0,0,0,0,0,0,0,0,0,0,0,0,0,0,0,0,0,0,0,0,0,0,0,0,0,0,0,0.0004026101,0.0003875469,1.73247672697023E-05,0,0,0,0,0,0,0,0.0117779157,0.2250999273,0.0238953973,9.81453866071701E-06,0,0,0,0,0,0,0.048820778,1,0.0637086866,0.0007830222,0,0,0,0,0,0
93,0,0,0,0,0,0,0,0,0,0,0,0,0,0,0,0,0,0,0,0,0,0,0,0,0,0,0,0,0,0,0,0,0,0,0,0,0,0,0,0,0,0,0,0,0,0,0,0,0,0,0,0,0,0,0,0,0,0,0,0,0,0,0,0,0,0,0,0,0,0,0,0,0.0030904839,8.45355969213701E-09,0,0,0,0,0,0,1.50451773554071E-05,0.008091587,0.0855145695,0.0052106481,6.72476521107762E-06,0,0,0,0,0,0.0007478157,0.0637086866,1,0.0513919916,0.0022965929,0,0,0,0,0
94,0,0,0,0,0,0,0,0,0,0,0,0,0,0,0,0,0,0,0,0,0,0,0,0,0,0,0,0,0,0,0,0,0,0,0,0,0,0,0,0,0,0,0,0,0,0,0,0,0,0,0,0,0,0,0,0,0,0,0,0,0,0,0,0,0,0,0,0,0,0,0,0,5.13309442075189E-05,0.0036293452,0.0001928688,0,0,0,0,0,0,0.0006373222,0.0119173276,0.0970610422,0.0246285108,0,0,0,0,0,0,0.0007830222,0.0513919916,1,0.0573821231,0.0030548658,0,0,0,0
95,0,0,0,0,0,0,0,0,0,0,0,0,0,0,0,0,0,0,0,0,0,0,0,0,0,0,0,0,0,0,0,0,0,0,0,0,0,0,0,0,0,0,0,0,0,0,0,0,0,0,0,0,0,0,0,0,0,0,0,0,0,0,0,0,0,0,0,0,0,0,0,0,0,6.20882567488222E-05,0.0020735882,0,0,0,0,0,0,0,0.0008920503,0.0458948212,0.0946224879,0.0316073442,3.09415046754869E-05,0,0,0,0,0,0.0022965929,0.0573821231,1,0.0673734831,0.000213522,0,0,0
96,0,0,0,0,0,0,0,0,0,0,0,0,0,0,0,0,0,0,0,0,0,0,0,0,0,0,0,0,0,0,0,0,0,0,0,0,0,0,0,0,0,0,0,0,0,0,0,0,0,0,0,0,0,0,0,0,0,0,0,0,0,0,0,0,0,0,0,0,0,0,0,0,0,0,2.03407208462574E-06,0.0008082642,5.90998026433507E-05,0,0,0,0,0,0,0,0.0211638463,0.1413402753,0.0331891311,2.94633754402523E-05,0,0,0,0,0,0.0030548658,0.0673734831,1,0.115200826,0.000881448,0,0
97,0,0,0,0,0,0,0,0,0,0,0,0,0,0,0,0,0,0,0,0,0,0,0,0,0,0,0,0,0,0,0,0,0,0,0,0,0,0,0,0,0,0,0,0,0,0,0,0,0,0,0,0,0,0,0,0,0,0,0,0,0,0,0,0,0,0,0,0,0,0,0,0,0,0,0,0,6.74678340258556E-05,0.0010519679,0,0,0,0,0,0,0.0005494431,0.0193431637,0.0724506533,0.0673779993,2.33386800101391E-06,0,0,0,0,0,0.000213522,0.115200826,1,0.1097820206,0.0006036789,0
98,0,0,0,0,0,0,0,0,0,0,0,0,0,0,0,0,0,0,0,0,0,0,0,0,0,0,0,0,0,0,0,0,0,0,0,0,0,0,0,0,0,0,0,0,0,0,0,0,0,0,0,0,0,0,0,0,0,0,0,0,0,0,0,0,0,0,0,0,0,0,0,0,0,0,0,0,0.0012983584,0.0003780901,0.0004282735,0,0,0,0,0,0,0,0.0052427138,0.075661682,0.0237103034,0.0003061961,0,0,0,0,0,0.000881448,0.1097820206,1,0.0879201505,0.000368966
99,0,0,0,0,0,0,0,0,0,0,0,0,0,0,0,0,0,0,0,0,0,0,0,0,0,0,0,0,0,0,0,0,0,0,0,0,0,0,0,0,0,0,0,0,0,0,0,0,0,0,0,0,0,0,0,0,0,0,0,0,0,0,0,0,0,0,0,0,0,0,0,0,0,0,0,0,0,4.27221332038903E-06,0.0027623922,0.0055284308,0,0,0,0,0,0,1.58105734377452E-06,0.0417289909,0.1656701745,0.0203455085,0,0,0,0,0,0,0.0006036789,0.0879201505,1,0.0941084771
100,0,0,0,0,0,0,0,0,0,0,0,0,0,0,0,0,0,0,0,0,0,0,0,0,0,0,0,0,0,0,0,0,0,0,0,0,0,0,0,0,0,0,0,0,0,0,0,0,0,0,0,0,0,0,0,0,0,0,0,0,0,0,0,0,0,0,0,0,0,0,0,0,0,0,0,0,0,0,0,0.0007158488,0,0,0,0,0,0,0,0.0002588837,0.02355926,0.0319353437,0,0,0,0,0,0,0,0.000368966,0.0941084771,1
,,,,,,,,,,,,,,,,,,,,,,,,,,,,,,,,,,,,,,,,,,,,,,,,,,,,,,,,,,,,,,,,,,,,,,,,,,,,,,,,,,,,,,,,,,,,,,,,,,,,
PRECIPITATION AMOUNT COVARIANCE,,,,,,,,,,,,,,,,,,,,,,,,,,,,,,,,,,,,,,,,,,,,,,,,,,,,,,,,,,,,,,,,,,,,,,,,,,,,,,,,,,,,,,,,,,,,,,,,,,,,
PATCH,1,3,5,7,9,11,13,15,17,19,41,43,45,47,49,51,53,55,57,59,81,83,85,87,89,91,93,95,97,99,121,123,125,127,129,131,133,135,137,139,161,163,165,167,169,171,173,175,177,179,201,203,205,207,209,211,213,215,217,219,241,243,245,247,249,251,253,255,257,259,281,283,285,287,289,291,293,295,297,299,321,323,325,327,329,331,333,335,337,339,361,363,365,367,369,371,373,375,377,379
1,1,0.0577094028,0.0004630136,0,0,0,0,0,0,0,0.0486424655,0.0180218336,0,0,0,0,0,0,0,0,0.0009686079,7.1979202726122E-07,0,0,0,0,0,0,0,0,0,0,0,0,0,0,0,0,0,0,0,0,0,0,0,0,0,0,0,0,0,0,0,0,0,0,0,0,0,0,0,0,0,0,0,0,0,0,0,0,0,0,0,0,0,0,0,0,0,0,0,0,0,0,0,0,0,0,0,0,0,0,0,0,0,0,0,0,0,0
3,0.0577094028,1,0.0377268599,0.0004773196,0,0,0,0,0,0,0.010647223,0.0926690778,0.0222735964,0.0008861842,0,0,0,0,0,0,0,0.0035667524,0.0008516653,0,0,0,0,0,0,0,0,0,0,0,0,0,0,0,0,0,0,0,0,0,0,0,0,0,0,0,0,0,0,0,0,0,0,0,0,0,0,0,0,0,0,0,0,0,0,0,0,0,0,0,0,0,0,0,0,0,0,0,0,0,0,0,0,0,0,0,0,0,0,0,0,0,0,0,0,0
5,0.0004630136,0.0377268599,1,0.066944182,0.002505652,0,0,0,0,0,0,0.0044784045,0.0443654282,0.0047819308,0.0007726507,0,0,0,0,0,0,0.0001187227,0.0002577816,0.0002919997,0,0,0,0,0,0,0,0,0,0,0,0,0,0,0,0,0,0,0,0,0,0,0,0,0,0,0,0,0,0,0,0,0,0,0,0,0,0,0,0,0,0,0,0,0,0,0,0,0,0,0,0,0,0,0,0,0,0,0,0,0,0,0,0,0,0,0,0,0,0,0,0,0,0,0,0
7,0,0.0004773196,0.066944182,1,0.0777833981,0.0008721631,0,0,0,0,0,3.73973331104461E-06,0.0381584092,0.0489182922,0.0162005033,0.0036567971,0,0,0,0,0,0,0.000844927,0.0001366321,0.000162954,0,0,0,0,0,0,0,0,0,0,0,0,0,0,0,0,0,0,0,0,0,0,0,0,0,0,0,0,0,0,0,0,0,0,0,0,0,0,0,0,0,0,0,0,0,0,0,0,0,0,0,0,0,0,0,0,0,0,0,0,0,0,0,0,0,0,0,0,0,0,0,0,0,0,0
9,0,0,0.002505652,0.0777833981,1,0.0815898953,0.0067039661,0,0,0,0,0,0,0.0368537265,0.0108723036,0.0103490209,0.0002626617,0,0,0,0,0,0,5.3742223278625E-07,0.0001087252,0,0,0,0,0,0,0,0,0,0,0,0,0,0,0,0,0,0,0,0,0,0,0,0,0,0,0,0,0,0,0,0,0,0,0,0,0,0,0,0,0,0,0,0,0,0,0,0,0,0,0,0,0,0,0,0,0,0,0,0,0,0,0,0,0,0,0,0,0,0,0,0,0,0,0
11,0,0,0,0.0008721631,0.0815898953,1,0.0490056451,0.000000643,0,0,0,0,0,6.97032746368634E-06,0.0272193733,0.0488150268,0.013913602,7.81592405905939E-06,0,0,0,0,0,0,2.67966372285533E-06,0.0003018603,0.0001099527,0,0,0,0,0,0,0,0,0,0,0,0,0,0,0,0,0,0,0,0,0,0,0,0,0,0,0,0,0,0,0,0,0,0,0,0,0,0,0,0,0,0,0,0,0,0,0,0,0,0,0,0,0,0,0,0,0,0,0,0,0,0,0,0,0,0,0,0,0,0,0,0,0
13,0,0,0,0,0.0067039661,0.0490056451,1,0.0512673616,0.0007008507,0,0,0,0,0,1.92007414919002E-05,0.0264498192,0.0325125552,0.005270297,0,0,0,0,0,0,0,5.10133466982106E-05,0.0010421632,9.28364575066488E-05,0,0,0,0,0,0,0,0,0,0,0,0,0,0,0,0,0,0,0,0,0,0,0,0,0,0,0,0,0,0,0,0,0,0,0,0,0,0,0,0,0,0,0,0,0,0,0,0,0,0,0,0,0,0,0,0,0,0,0,0,0,0,0,0,0,0,0,0,0,0,0,0
15,0,0,0,0,0,0.000000643,0.0512673616,1,0.0436240227,0.0052882509,0,0,0,0,0,0,0.0319519918,0.0650491927,0.0078251797,0.000963174,0,0,0,0,0,0,0.0001738608,0.0007729623,3.36752792992556E-05,0,0,0,0,0,0,0,0,0,0,0,0,0,0,0,0,0,0,0,0,0,0,0,0,0,0,0,0,0,0,0,0,0,0,0,0,0,0,0,0,0,0,0,0,0,0,0,0,0,0,0,0,0,0,0,0,0,0,0,0,0,0,0,0,0,0,0,0,0,0,0
17,0,0,0,0,0,0,0.0007008507,0.0436240227,1,0.1403445203,0,0,0,0,0,0,0,0.0279455291,0.0512149816,0.0107090316,0,0,0,0,0,0,0,0.0024941067,0.0003682029,6.76305732272268E-06,0,0,0,0,0,0,0,0,0,0,0,0,0,0,0,0,0,0,0,0,0,0,0,0,0,0,0,0,0,0,0,0,0,0,0,0,0,0,0,0,0,0,0,0,0,0,0,0,0,0,0,0,0,0,0,0,0,0,0,0,0,0,0,0,0,0,0,0,0,0
19,0,0,0,0,0,0,0,0.0052882509,0.1403445203,1,0,0,0,0,0,0,0,0.0013577773,0.0074078666,0.1380758988,0,0,0,0,0,0,0,0,0,0.0026921628,0,0,0,0,0,0,0,0,0,0,0,0,0,0,0,0,0,0,0,0,0,0,0,0,0,0,0,0,0,0,0,0,0,0,0,0,0,0,0,0,0,0,0,0,0,0,0,0,0,0,0,0,0,0,0,0,0,0,0,0,0,0,0,0,0,0,0,0,0,0
41,0.0486424655,0.010647223,0,0,0,0,0,0,0,0,1,0.0728185691,0.0008169899,0,0,0,0,0,0,0,0.0320801743,0.0269818321,0.0013206307,0,0,0,0,0,0,0,0.0001263858,2.97023462044752E-05,0,0,0,0,0,0,0,0,0,0,0,0,0,0,0,0,0,0,0,0,0,0,0,0,0,0,0,0,0,0,0,0,0,0,0,0,0,0,0,0,0,0,0,0,0,0,0,0,0,0,0,0,0,0,0,0,0,0,0,0,0,0,0,0,0,0,0,0
43,0.0180218336,0.0926690778,0.0044784045,3.73973331104461E-06,0,0,0,0,0,0,0.0728185691,1,0.0668681317,0,0,0,0,0,0,0,0.0098867282,0.0707184804,0.0170655876,0,0,0,0,0,0,0,1.82342268166118E-07,0.0009095729,1.66716712503512E-05,0,0,0,0,0,0,0,0,0,0,0,0,0,0,0,0,0,0,0,0,0,0,0,0,0,0,0,0,0,0,0,0,0,0,0,0,0,0,0,0,0,0,0,0,0,0,0,0,0,0,0,0,0,0,0,0,0,0,0,0,0,0,0,0,0,0,0
45,0,0.0222735964,0.0443654282,0.0381584092,0,0,0,0,0,0,0.0008169899,0.0668681317,1,0.0538927624,0.0002837898,0,0,0,0,0,0.0001700132,0.0093959844,0.0301072788,0.0158624119,0.000756335,0,0,0,0,0,0,0,0.0018440763,0.000002201,0,0,0,0,0,0,0,0,0,0,0,0,0,0,0,0,0,0,0,0,0,0,0,0,0,0,0,0,0,0,0,0,0,0,0,0,0,0,0,0,0,0,0,0,0,0,0,0,0,0,0,0,0,0,0,0,0,0,0,0,0,0,0,0,0,0
47,0,0.0008861842,0.0047819308,0.0489182922,0.0368537265,6.97032746368634E-06,0,0,0,0,0,0,0.0538927624,1,0.0861090487,1.37059253500349E-05,0,0,0,0,0,0.0019863942,0.0071556491,0.0814178668,0.0403238496,0,0,0,0,0,0,0,0.0003313857,0.0014013945,0,0,0,0,0,0,0,0,0,0,0,0,0,0,0,0,0,0,0,0,0,0,0,0,0,0,0,0,0,0,0,0,0,0,0,0,0,0,0,0,0,0,0,0,0,0,0,0,0,0,0,0,0,0,0,0,0,0,0,0,0,0,0,0,0,0
49,0,0,0.0007726507,0.0162005033,0.0108723036,0.0272193733,1.92007414919002E-05,0,0,0,0,0,0.0002837898,0.0861090487,1,0.05442292,0.0003896483,0,0,0,0,0,7.69644745208709E-05,0.026391361,0.0565150559,0.0222643094,0.0002456556,0,0,0,0,0,0,0.0020679729,0.0006843014,0,0,0,0,0,0,0,0,0,0,0,0,0,0,0,0,0,0,0,0,0,0,0,0,0,0,0,0,0,0,0,0,0,0,0,0,0,0,0,0,0,0,0,0,0,0,0,0,0,0,0,0,0,0,0,0,0,0,0,0,0,0,0,0,0
51,0,0,0,0.0036567971,0.0103490209,0.0488150268,0.0264498192,0,0,0,0,0,0,1.37059253500349E-05,0.05442292,1,0.0708211337,0.0015263487,0,0,0,0,0,0.000256537,0.0096520118,0.0780130306,0.0583284065,0,0,0,0,0,0,0,0.0002267404,0.0003405576,0,0,0,0,0,0,0,0,0,0,0,0,0,0,0,0,0,0,0,0,0,0,0,0,0,0,0,0,0,0,0,0,0,0,0,0,0,0,0,0,0,0,0,0,0,0,0,0,0,0,0,0,0,0,0,0,0,0,0,0,0,0,0,0
53,0,0,0,0,0.0002626617,0.013913602,0.0325125552,0.0319519918,0,0,0,0,0,0,0.0003896483,0.0708211337,1,0.1112394938,0.0027320645,0,0,0,0,0,0,0.0239574983,0.0145542846,0.0251813264,0,0,0,0,0,0,0,0.0002136845,0.000272447,0.0001469028,0,0,0,0,0,0,0,0,0,0,0,0,0,0,0,0,0,0,0,0,0,0,0,0,0,0,0,0,0,0,0,0,0,0,0,0,0,0,0,0,0,0,0,0,0,0,0,0,0,0,0,0,0,0,0,0,0,0,0,0,0,0
55,0,0,0,0,0,7.81592405905939E-06,0.005270297,0.0650491927,0.0279455291,0.0013577773,0,0,0,0,0,0.0015263487,0.1112394938,1,0.0818370211,0.0005929917,0,0,0,0,0,0.00000367,0.0114149244,0.111656449,0.0449652133,0.0002853597,0,0,0,0,0,0,0.0004226246,0.0002512161,0.0001335807,0,0,0,0,0,0,0,0,0,0,0,0,0,0,0,0,0,0,0,0,0,0,0,0,0,0,0,0,0,0,0,0,0,0,0,0,0,0,0,0,0,0,0,0,0,0,0,0,0,0,0,0,0,0,0,0,0,0,0,0,0
57,0,0,0,0,0,0,0,0.0078251797,0.0512149816,0.0074078666,0,0,0,0,0,0,0.0027320645,0.0818370211,1,0.1728479698,0,0,0,0,0,0,0,0.0051282133,0.0972646615,0.0216021367,0,0,0,0,0,0,0,0,0.0004010273,4.92018508404196E-05,0,0,0,0,0,0,0,0,0,0,0,0,0,0,0,0,0,0,0,0,0,0,0,0,0,0,0,0,0,0,0,0,0,0,0,0,0,0,0,0,0,0,0,0,0,0,0,0,0,0,0,0,0,0,0,0,0,0,0,0
59,0,0,0,0,0,0,0,0.000963174,0.0107090316,0.1380758988,0,0,0,0,0,0,0,0.0005929917,0.1728479698,1,0,0,0,0,0,0,0,5.99905370938097E-05,0.0211509009,0.0294223592,0,0,0,0,0,0,0,0,0.0001823415,0.0006262166,0,0,0,0,0,0,0,0,0,0,0,0,0,0,0,0,0,0,0,0,0,0,0,0,0,0,0,0,0,0,0,0,0,0,0,0,0,0,0,0,0,0,0,0,0,0,0,0,0,0,0,0,0,0,0,0,0,0,0,0
81,0.0009686079,0,0,0,0,0,0,0,0,0,0.0320801743,0.0098867282,0.0001700132,0,0,0,0,0,0,0,1,0.0928576236,7.19553949502703E-05,0,0,0,0,0,0,0,0.0530757928,0.0045259394,1.78893073351044E-06,0,0,0,0,0,0,0,0.000320446,0.0001798292,0,0,0,0,0,0,0,0,0,0,0,0,0,0,0,0,0,0,0,0,0,0,0,0,0,0,0,0,0,0,0,0,0,0,0,0,0,0,0,0,0,0,0,0,0,0,0,0,0,0,0,0,0,0,0,0,0,0
83,7.1979202726122E-07,0.0035667524,0.0001187227,0,0,0,0,0,0,0,0.0269818321,0.0707184804,0.0093959844,0.0019863942,0,0,0,0,0,0,0.0928576236,1,0.065857936,0.0015461436,0,0,0,0,0,0,0.0024720451,0.0931766678,0.0088479549,0.0005652243,0,0,0,0,0,0,3.6205206532923E-06,0.0005208973,0,0,0,0,0,0,0,0,0,0,0,0,0,0,0,0,0,0,0,0,0,0,0,0,0,0,0,0,0,0,0,0,0,0,0,0,0,0,0,0,0,0,0,0,0,0,0,0,0,0,0,0,0,0,0,0,0,0
85,0,0.0008516653,0.0002577816,0.000844927,0,0,0,0,0,0,0.0013206307,0.0170655876,0.0301072788,0.0071556491,7.69644745208709E-05,0,0,0,0,0,7.19553949502703E-05,0.065857936,1,0.0420232252,0.0004744925,0,0,0,0,0,4.15608476286231E-06,0.0132519782,0.0273334674,0.0110211509,4.38028309059015E-05,0,0,0,0,0,0,0.0001522803,0.0014932789,0.0002074109,0,0,0,0,0,0,0,0,0,0,0,0,0,0,0,0,0,0,0,0,0,0,0,0,0,0,0,0,0,0,0,0,0,0,0,0,0,0,0,0,0,0,0,0,0,0,0,0,0,0,0,0,0,0,0,0
87,0,0,0.0002919997,0.0001366321,5.3742223278625E-07,0,0,0,0,0,0,0,0.0158624119,0.0814178668,0.026391361,0.000256537,0,0,0,0,0,0.0015461436,0.0420232252,1,0.0745866822,0.001499403,0,0,0,0,0,0,0.0128613916,0.0494665225,0.0106412878,2.83335559827866E-06,0,0,0,0,0,0,0,1.76388047551753E-05,0.0022367173,0,0,0,0,0,0,0,0,0,0,0,0,0,0,0,0,0,0,0,0,0,0,0,0,0,0,0,0,0,0,0,0,0,0,0,0,0,0,0,0,0,0,0,0,0,0,0,0,0,0,0,0,0,0,0
89,0,0,0,0.000162954,0.0001087252,2.67966372285533E-06,0,0,0,0,0,0,0.000756335,0.0403238496,0.0565150559,0.0096520118,0,0,0,0,0,0,0.0004744925,0.0745866822,1,0.0622716534,0.000031254,0,0,0,0,0,1.3799342394302E-05,0.001828779,0.0331565097,0.023003097,0,0,0,0,0,0,0,0,0.0001985046,0.0004372848,0,0,0,0,0,0,0,0,0,0,0,0,0,0,0,0,0,0,0,0,0,0,0,0,0,0,0,0,0,0,0,0,0,0,0,0,0,0,0,0,0,0,0,0,0,0,0,0,0,0,0,0,0,0
91,0,0,0,0,0,0.0003018603,5.10133466982106E-05,0,0,0,0,0,0,0,0.0222643094,0.0780130306,0.0239574983,0.00000367,0,0,0,0,0,0.001499403,0.0622716534,1,0.0402834047,0,0,0,0,0,0,0,0.0216706001,0.0407425541,0.0028764982,5.7769258514598E-06,0,0,0,0,0,0,0.0003473389,0.001884701,0,0,0,0,0,0,0,0,0,0,0,0,0,0,0,0,0,0,0,0,0,0,0,0,0,0,0,0,0,0,0,0,0,0,0,0,0,0,0,0,0,0,0,0,0,0,0,0,0,0,0,0,0,0
93,0,0,0,0,0,0.0001099527,0.0010421632,0.0001738608,0,0,0,0,0,0,0.0002456556,0.0583284065,0.0145542846,0.0114149244,0,0,0,0,0,0,0.000031254,0.0402834047,1,0.0648346808,0.0008259568,0,0,0,0,0,0.0010474372,0.0326283488,0.0979058702,0.0097836146,5.72435455384341E-05,0,0,0,0,0,0,0.0003286479,0.0005478725,7.16606391239244E-05,0,0,0,0,0,0,0,0,0,0,0,0,0,0,0,0,0,0,0,0,0,0,0,0,0,0,0,0,0,0,0,0,0,0,0,0,0,0,0,0,0,0,0,0,0,0,0,0,0,0,0,0
95,0,0,0,0,0,0,9.28364575066488E-05,0.0007729623,0.0024941067,0,0,0,0,0,0,0,0.0251813264,0.111656449,0.0051282133,5.99905370938097E-05,0,0,0,0,0,0,0.0648346808,1,0.0290030227,0.0004204113,0,0,0,0,0,0.000068014,0.0198630415,0.0923734037,0.0233295533,2.91888646891164E-09,0,0,0,0,0,0,0.000007787,0.0016771323,2.41645680733595E-06,0,0,0,0,0,0,0,0,0,0,0,0,0,0,0,0,0,0,0,0,0,0,0,0,0,0,0,0,0,0,0,0,0,0,0,0,0,0,0,0,0,0,0,0,0,0,0,0,0,0,0
97,0,0,0,0,0,0,0,3.36752792992556E-05,0.0003682029,0,0,0,0,0,0,0,0,0.0449652133,0.0972646615,0.0211509009,0,0,0,0,0,0,0.0008259568,0.0290030227,1,0.0817499686,0,0,0,0,0,0,3.26676192370924E-06,0.0357498546,0.0284639391,0.0167212588,0,0,0,0,0,0,0,0,0.0041656098,2.61661827555994E-05,0,0,0,0,0,0,0,0,0,0,0,0,0,0,0,0,0,0,0,0,0,0,0,0,0,0,0,0,0,0,0,0,0,0,0,0,0,0,0,0,0,0,0,0,0,0,0,0,0,0
99,0,0,0,0,0,0,0,0,6.76305732272268E-06,0.0026921628,0,0,0,0,0,0,0,0.0002853597,0.0216021367,0.0294223592,0,0,0,0,0,0,0,0.0004204113,0.0817499686,1,0,0,0,0,0,0,0,0,0.0218924972,0.0554187839,0,0,0,0,0,0,0,0,8.70096431300592E-05,0.0003161965,0,0,0,0,0,0,0,0,0,0,0,0,0,0,0,0,0,0,0,0,0,0,0,0,0,0,0,0,0,0,0,0,0,0,0,0,0,0,0,0,0,0,0,0,0,0,0,0,0,0
121,0,0,0,0,0,0,0,0,0,0,0.0001263858,1.82342268166118E-07,0,0,0,0,0,0,0,0,0.0530757928,0.0024720451,4.15608476286231E-06,0,0,0,0,0,0,0,1,0.0681626716,3.67294012750323E-05,0,0,0,0,0,0,0,0.0542902901,0.0081458967,0,0,0,0,0,0,0,0,0.0004918427,0.0001269676,0,0,0,0,0,0,0,0,0,0,0,0,0,0,0,0,0,0,0,0,0,0,0,0,0,0,0,0,0,0,0,0,0,0,0,0,0,0,0,0,0,0,0,0,0,0,0,0
123,0,0,0,0,0,0,0,0,0,0,2.97023462044752E-05,0.0009095729,0,0,0,0,0,0,0,0,0.0045259394,0.0931766678,0.0132519782,0,0,0,0,0,0,0,0.0681626716,1,0.0610646745,0.0006917663,0,0,0,0,0,0,0.029395919,0.0431626473,0.0250231707,0.0001410277,0,0,0,0,0,0,5.68302119486728E-05,0.0001452346,0.0015897814,0,0,0,0,0,0,0,0,0,0,0,0,0,0,0,0,0,0,0,0,0,0,0,0,0,0,0,0,0,0,0,0,0,0,0,0,0,0,0,0,0,0,0,0,0,0,0
125,0,0,0,0,0,0,0,0,0,0,0,1.66716712503512E-05,0.0018440763,0.0003313857,0,0,0,0,0,0,1.78893073351044E-06,0.0088479549,0.0273334674,0.0128613916,1.3799342394302E-05,0,0,0,0,0,3.67294012750323E-05,0.0610646745,1,0.0960698392,6.30099452777304E-05,0,0,0,0,0,0,0.0144867977,0.0614208945,0.0153369168,1.40478394913765E-05,0,0,0,0,0,0,0,1.6855074869048E-05,0,0,0,0,0,0,0,0,0,0,0,0,0,0,0,0,0,0,0,0,0,0,0,0,0,0,0,0,0,0,0,0,0,0,0,0,0,0,0,0,0,0,0,0,0,0,0
127,0,0,0,0,0,0,0,0,0,0,0,0,0.000002201,0.0014013945,0.0020679729,0,0,0,0,0,0,0.0005652243,0.0110211509,0.0494665225,0.001828779,0,0,0,0,0,0,0.0006917663,0.0960698392,1,0.0132289622,0.0018626068,0,0,0,0,0,0.0002734151,0.0162868557,0.0651371719,0.0525824697,7.90014171235064E-06,0,0,0,0,0,0,0,0.0021621545,0.0007433135,0,0,0,0,0,0,0,0,0,0,0,0,0,0,0,0,0,0,0,0,0,0,0,0,0,0,0,0,0,0,0,0,0,0,0,0,0,0,0,0,0,0,0,0,0
129,0,0,0,0,0,0,0,0,0,0,0,0,0,0,0.0006843014,0.0002267404,0,0,0,0,0,0,4.38028309059015E-05,0.0106412878,0.0331565097,0.0216706001,0.0010474372,0,0,0,0,0,6.30099452777304E-05,0.0132289622,1,0.0281542061,0.0016065265,0,0,0,0,0,8.4374495491151E-05,0.0096266907,0.0762665474,0.0102812595,6.52974183613639E-06,0,0,0,0,0,0,0,0.0002965486,8.43478174661802E-06,0,0,0,0,0,0,0,0,0,0,0,0,0,0,0,0,0,0,0,0,0,0,0,0,0,0,0,0,0,0,0,0,0,0,0,0,0,0,0,0,0,0,0,0
131,0,0,0,0,0,0,0,0,0,0,0,0,0,0,0,0.0003405576,0.0002136845,0,0,0,0,0,0,2.83335559827866E-06,0.023003097,0.0407425541,0.0326283488,0.000068014,0,0,0,0,0,0.0018626068,0.0281542061,1,0.0629373608,0.0013639074,0,0,0,0,0,0.0003182628,0.0033391002,0.0592166586,0.0199045109,4.88330311127029E-06,0,0,0,0,0,0,3.25046140862284E-05,7.91246830979626E-05,0.0005617189,0,0,0,0,0,0,0,0,0,0,0,0,0,0,0,0,0,0,0,0,0,0,0,0,0,0,0,0,0,0,0,0,0,0,0,0,0,0,0,0,0,0,0
133,0,0,0,0,0,0,0,0,0,0,0,0,0,0,0,0,0.000272447,0.0004226246,0,0,0,0,0,0,0,0.0028764982,0.0979058702,0.0198630415,3.26676192370924E-06,0,0,0,0,0,0.0016065265,0.0629373608,1,0.0858949702,0.0003291179,0,0,0,0,0,0.0002404707,0.0060150642,0.092502541,0.0032690841,0.0002703645,0,0,0,0,0,0,0,0.0032028766,5.48749627465847E-07,0,0,0,0,0,0,0,0,0,0,0,0,0,0,0,0,0,0,0,0,0,0,0,0,0,0,0,0,0,0,0,0,0,0,0,0,0,0,0,0,0,0
135,0,0,0,0,0,0,0,0,0,0,0,0,0,0,0,0,0.0001469028,0.0002512161,0,0,0,0,0,0,0,5.7769258514598E-06,0.0097836146,0.0923734037,0.0357498546,0,0,0,0,0,0,0.0013639074,0.0858949702,1,0.0868162909,0.008174794,0,0,0,0,0,0.0003501906,0.0257822851,0.2423632704,0.0033877341,0,0,0,0,0,0,0,2.63666896714301E-05,0.0007772242,0.0001179659,0,0,0,0,0,0,0,0,0,0,0,0,0,0,0,0,0,0,0,0,0,0,0,0,0,0,0,0,0,0,0,0,0,0,0,0,0,0,0,0,0
137,0,0,0,0,0,0,0,0,0,0,0,0,0,0,0,0,0,0.0001335807,0.0004010273,0.0001823415,0,0,0,0,0,0,5.72435455384341E-05,0.0233295533,0.0284639391,0.0218924972,0,0,0,0,0,0,0.0003291179,0.0868162909,1,0.0594934148,0,0,0,0,0,0,0.0001901582,0.01430676,0.0530308357,0.0105972791,0,0,0,0,0,0,0,0.000279804,0.0024675377,3.11881732982116E-05,0,0,0,0,0,0,0,0,0,0,0,0,0,0,0,0,0,0,0,0,0,0,0,0,0,0,0,0,0,0,0,0,0,0,0,0,0,0,0,0
139,0,0,0,0,0,0,0,0,0,0,0,0,0,0,0,0,0,0,4.92018508404196E-05,0.0006262166,0,0,0,0,0,0,0,2.91888646891164E-09,0.0167212588,0.0554187839,0,0,0,0,0,0,0,0.008174794,0.0594934148,1,0,0,0,0,0,0,0,7.49881307517354E-05,0.0137535682,0.0821585409,0,0,0,0,0,0,0,0,0.000095834,0,0,0,0,0,0,0,0,0,0,0,0,0,0,0,0,0,0,0,0,0,0,0,0,0,0,0,0,0,0,0,0,0,0,0,0,0,0,0,0,0
161,0,0,0,0,0,0,0,0,0,0,0,0,0,0,0,0,0,0,0,0,0.000320446,3.6205206532923E-06,0,0,0,0,0,0,0,0,0.0542902901,0.029395919,0,0,0,0,0,0,0,0,1,0.036672805,0.0006475695,0,0,0,0,0,0,0,0.0741148053,0.015425609,0.0004127403,0,0,0,0,0,0,0,0.001420107,0.0010627511,0,0,0,0,0,0,0,0,0,0,0,0,0,0,0,0,0,0,0,0,0,0,0,0,0,0,0,0,0,0,0,0,0,0,0,0,0,0
163,0,0,0,0,0,0,0,0,0,0,0,0,0,0,0,0,0,0,0,0,0.0001798292,0.0005208973,0.0001522803,0,0,0,0,0,0,0,0.0081458967,0.0431626473,0.0144867977,0.0002734151,0,0,0,0,0,0,0.036672805,1,0.0392726399,0.0082352,0,0,0,0,0,0,0.0110173893,0.0457823526,0.0228938583,0,0,0,0,0,0,0,0.0010692246,0.0012887432,0.0010869323,0,0,0,0,0,0,0,0,0,0,0,0,0,0,0,0,0,0,0,0,0,0,0,0,0,0,0,0,0,0,0,0,0,0,0,0,0
165,0,0,0,0,0,0,0,0,0,0,0,0,0,0,0,0,0,0,0,0,0,0,0.0014932789,0,0,0,0,0,0,0,0,0.0250231707,0.0614208945,0.0162868557,8.4374495491151E-05,0,0,0,0,0,0.0006475695,0.0392726399,1,0.0705107178,7.2975097576112E-05,0,0,0,0,0,0,0.0204203731,0.0327663839,0.0094276041,2.415211076636E-06,0,0,0,0,0,0,0.0001008255,0.0008992129,0.0008425001,0,0,0,0,0,0,0,0,0,0,0,0,0,0,0,0,0,0,0,0,0,0,0,0,0,0,0,0,0,0,0,0,0,0,0,0
167,0,0,0,0,0,0,0,0,0,0,0,0,0,0,0,0,0,0,0,0,0,0,0.0002074109,1.76388047551753E-05,0,0,0,0,0,0,0,0.0001410277,0.0153369168,0.0651371719,0.0096266907,0.0003182628,0,0,0,0,0,0.0082352,0.0705107178,1,0.0477961961,0.0008578873,0,0,0,0,0,0,0.0105211095,0.0804614752,0.0407866237,4.36908581367036E-05,0,0,0,0,0,0,0.000159102,0.0011883725,0.0011515408,0,0,0,0,0,0,0,0,0,0,0,0,0,0,0,0,0,0,0,0,0,0,0,0,0,0,0,0,0,0,0,0,0,0,0
169,0,0,0,0,0,0,0,0,0,0,0,0,0,0,0,0,0,0,0,0,0,0,0,0.0022367173,0.0001985046,0.0003473389,0,0,0,0,0,0,1.40478394913765E-05,0.0525824697,0.0762665474,0.0033391002,0.0002404707,0,0,0,0,0,7.2975097576112E-05,0.0477961961,1,0.0523112191,2.33923421401173E-05,0,0,0,0,0,0.0006083183,0.0249745002,0.1232619864,0.0312879819,0.000001262,0,0,0,0,0,0,0.0003729121,0.0008257184,1.68911123667601E-05,0,0,0,0,0,0,0,0,0,0,0,0,0,0,0,0,0,0,0,0,0,0,0,0,0,0,0,0,0,0,0,0,0,0
171,0,0,0,0,0,0,0,0,0,0,0,0,0,0,0,0,0,0,0,0,0,0,0,0,0.0004372848,0.001884701,0.0003286479,0,0,0,0,0,0,7.90014171235064E-06,0.0102812595,0.0592166586,0.0060150642,0.0003501906,0,0,0,0,0,0.0008578873,0.0523112191,1,0.0569360573,1.03456273261929E-06,0,0,0,0,0,7.31287554287137E-06,0.0052045695,0.0765127605,0.015775711,0,0,0,0,0,0,0,7.06322898266398E-05,0.0048765562,5.12792790308989E-06,0,0,0,0,0,0,0,0,0,0,0,0,0,0,0,0,0,0,0,0,0,0,0,0,0,0,0,0,0,0,0,0,0
173,0,0,0,0,0,0,0,0,0,0,0,0,0,0,0,0,0,0,0,0,0,0,0,0,0,0,0.0005478725,0.000007787,0,0,0,0,0,0,6.52974183613639E-06,0.0199045109,0.092502541,0.0257822851,0.0001901582,0,0,0,0,0,2.33923421401173E-05,0.0569360573,1,0.0695634237,2.39637647100985E-05,0,0,0,0,0,0,0.0142678431,0.0285556771,0.0063497442,3.19596361844E-05,0,0,0,0,0,0,0.0002592979,0.0055725644,2.42152017300028E-05,0,0,0,0,0,0,0,0,0,0,0,0,0,0,0,0,0,0,0,0,0,0,0,0,0,0,0,0,0,0,0,0
175,0,0,0,0,0,0,0,0,0,0,0,0,0,0,0,0,0,0,0,0,0,0,0,0,0,0,7.16606391239244E-05,0.0016771323,0,0,0,0,0,0,0,4.88330311127029E-06,0.0032690841,0.2423632704,0.01430676,7.49881307517354E-05,0,0,0,0,0,1.03456273261929E-06,0.0695634237,1,0.0411073172,0.0030599801,0,0,0,0,0,1.77067336778458E-05,0.03201762,0.0733506204,0.0201334227,0.0008859204,0,0,0,0,0,0,0.0001624694,0.0011659581,0.0002403584,0,0,0,0,0,0,0,0,0,0,0,0,0,0,0,0,0,0,0,0,0,0,0,0,0,0,0,0,0,0,0
177,0,0,0,0,0,0,0,0,0,0,0,0,0,0,0,0,0,0,0,0,0,0,0,0,0,0,0,2.41645680733595E-06,0.0041656098,8.70096431300592E-05,0,0,0,0,0,0,0.0002703645,0.0033877341,0.0530308357,0.0137535682,0,0,0,0,0,0,2.39637647100985E-05,0.0411073172,1,0.051484097,0,0,0,0,0,0,8.26605024093934E-05,0.0272430701,0.1297494466,0.029741724,0,0,0,0,0,0,0,9.32348083365469E-06,0.0016611504,0.0001523868,0,0,0,0,0,0,0,0,0,0,0,0,0,0,0,0,0,0,0,0,0,0,0,0,0,0,0,0,0,0
179,0,0,0,0,0,0,0,0,0,0,0,0,0,0,0,0,0,0,0,0,0,0,0,0,0,0,0,0,2.61661827555994E-05,0.0003161965,0,0,0,0,0,0,0,0,0.0105972791,0.0821585409,0,0,0,0,0,0,0,0.0030599801,0.051484097,1,0,0,0,0,0,0,0,7.27506284179576E-05,0.0083849024,0.0903424048,0,0,0,0,0,0,0,0,1.60647462174636E-07,0.0016458781,0,0,0,0,0,0,0,0,0,0,0,0,0,0,0,0,0,0,0,0,0,0,0,0,0,0,0,0,0,0
201,0,0,0,0,0,0,0,0,0,0,0,0,0,0,0,0,0,0,0,0,0,0,0,0,0,0,0,0,0,0,0.0004918427,5.68302119486728E-05,0,0,0,0,0,0,0,0,0.0741148053,0.0110173893,0,0,0,0,0,0,0,0,1,0.0313654764,0.0004926679,0,0,0,0,0,0,0,0.0293223299,0.0179925954,1.20269142443191E-05,0,0,0,0,0,0,0,0.0001182326,0,0,0,0,0,0,0,0,0,0,0,0,0,0,0,0,0,0,0,0,0,0,0,0,0,0,0,0,0
203,0,0,0,0,0,0,0,0,0,0,0,0,0,0,0,0,0,0,0,0,0,0,0,0,0,0,0,0,0,0,0.0001269676,0.0001452346,0,0,0,0,0,0,0,0,0.015425609,0.0457823526,0.0204203731,0,0,0,0,0,0,0,0.0313654764,1,0.0305104589,0.0022270946,0,0,0,0,0,0,0.0162128337,0.0503659013,0.006341967,0,0,0,0,0,0,0,8.76016985080893E-05,0.0005917863,0,0,0,0,0,0,0,0,0,0,0,0,0,0,0,0,0,0,0,0,0,0,0,0,0,0,0,0
205,0,0,0,0,0,0,0,0,0,0,0,0,0,0,0,0,0,0,0,0,0,0,0,0,0,0,0,0,0,0,0,0.0015897814,1.6855074869048E-05,0,0,0,0,0,0,0,0.0004127403,0.0228938583,0.0327663839,0.0105211095,0.0006083183,0,0,0,0,0,0.0004926679,0.0305104589,1,0.0278524837,0.0005783459,0,0,0,0,0,0,0.0151466012,0.1109862777,0.0178819588,0.0007745056,0,0,0,0,0,0,0,8.36551311143013E-05,0,0,0,0,0,0,0,0,0,0,0,0,0,0,0,0,0,0,0,0,0,0,0,0,0,0,0
207,0,0,0,0,0,0,0,0,0,0,0,0,0,0,0,0,0,0,0,0,0,0,0,0,0,0,0,0,0,0,0,0,0,0.0021621545,0,0,0,0,0,0,0,0,0.0094276041,0.0804614752,0.0249745002,7.31287554287137E-06,0,0,0,0,0,0.0022270946,0.0278524837,1,0.0865318295,0.0029020916,0,0,0,0,0,0.000783792,0.0079844856,0.088836771,0.0086258456,0,0,0,0,0,0,0,0,0.0002166821,0.0004522203,0,0,0,0,0,0,0,0,0,0,0,0,0,0,0,0,0,0,0,0,0,0,0,0,0
209,0,0,0,0,0,0,0,0,0,0,0,0,0,0,0,0,0,0,0,0,0,0,0,0,0,0,0,0,0,0,0,0,0,0.0007433135,0.0002965486,3.25046140862284E-05,0,0,0,0,0,0,2.415211076636E-06,0.0407866237,0.1232619864,0.0052045695,0,0,0,0,0,0,0.0005783459,0.0865318295,1,0.0839458638,0.0005557699,0,0,0,0,0,2.00944601565934E-05,0.0237204635,0.0411829631,0.0109870289,0.0001020282,0,0,0,0,0,0,0.0001484155,0.0006347993,0.0002920883,0,0,0,0,0,0,0,0,0,0,0,0,0,0,0,0,0,0,0,0,0,0,0,0
211,0,0,0,0,0,0,0,0,0,0,0,0,0,0,0,0,0,0,0,0,0,0,0,0,0,0,0,0,0,0,0,0,0,0,8.43478174661802E-06,7.91246830979626E-05,0,0,0,0,0,0,0,4.36908581367036E-05,0.0312879819,0.0765127605,0.0142678431,1.77067336778458E-05,0,0,0,0,0,0.0029020916,0.0839458638,1,0.0906996252,0.0001095803,0,0,0,0,0,1.23232075156689E-05,0.009802091,0.0649511146,0.0557657865,0,0,0,0,0,0,0,0,0.0010336063,0.0013197425,0,0,0,0,0,0,0,0,0,0,0,0,0,0,0,0,0,0,0,0,0,0,0
213,0,0,0,0,0,0,0,0,0,0,0,0,0,0,0,0,0,0,0,0,0,0,0,0,0,0,0,0,0,0,0,0,0,0,0,0.0005617189,0.0032028766,2.63666896714301E-05,0,0,0,0,0,0,0.000001262,0.015775711,0.0285556771,0.03201762,8.26605024093934E-05,0,0,0,0,0,0.0005557699,0.0906996252,1,0.0327896661,0.0007964747,0,0,0,0,0,0,0.0245740401,0.064484376,0.0164254788,0.0003904436,0,0,0,0,0,0,0.0001691305,0.0005154886,0.0001048238,0,0,0,0,0,0,0,0,0,0,0,0,0,0,0,0,0,0,0,0,0,0
215,0,0,0,0,0,0,0,0,0,0,0,0,0,0,0,0,0,0,0,0,0,0,0,0,0,0,0,0,0,0,0,0,0,0,0,0,5.48749627465847E-07,0.0007772242,0.000279804,0,0,0,0,0,0,0,0.0063497442,0.0733506204,0.0272430701,7.27506284179576E-05,0,0,0,0,0,0.0001095803,0.0327896661,1,0.041413707,0.0007348866,0,0,0,0,0,0,0.0197824596,0.0671296152,0.0557932343,0.0020423938,0,0,0,0,0,0,0,0.009680966,6.23252794329201E-05,0,0,0,0,0,0,0,0,0,0,0,0,0,0,0,0,0,0,0,0,0
217,0,0,0,0,0,0,0,0,0,0,0,0,0,0,0,0,0,0,0,0,0,0,0,0,0,0,0,0,0,0,0,0,0,0,0,0,0,0.0001179659,0.0024675377,0.000095834,0,0,0,0,0,0,3.19596361844E-05,0.0201334227,0.1297494466,0.0083849024,0,0,0,0,0,0,0.0007964747,0.041413707,1,0.0845728832,0,0,0,0,0,0,0.0001919238,0.0183476894,0.0392558062,0.0188312618,0,0,0,0,0,0,0,0,0.0005483331,4.68817231888151E-06,0,0,0,0,0,0,0,0,0,0,0,0,0,0,0,0,0,0,0,0
219,0,0,0,0,0,0,0,0,0,0,0,0,0,0,0,0,0,0,0,0,0,0,0,0,0,0,0,0,0,0,0,0,0,0,0,0,0,0,3.11881732982116E-05,0,0,0,0,0,0,0,0,0.0008859204,0.029741724,0.0903424048,0,0,0,0,0,0,0,0.0007348866,0.0845728832,1,0,0,0,0,0,0,0,0.000242491,0.0229370609,0.0665799482,0,0,0,0,0,0,0,0,0,5.5505812140275E-07,0,0,0,0,0,0,0,0,0,0,0,0,0,0,0,0,0,0,0,0
241,0,0,0,0,0,0,0,0,0,0,0,0,0,0,0,0,0,0,0,0,0,0,0,0,0,0,0,0,0,0,0,0,0,0,0,0,0,0,0,0,0.001420107,0.0010692246,0,0,0,0,0,0,0,0,0.0293223299,0.0162128337,0,0,0,0,0,0,0,0,1,0.0334891935,6.01475913321535E-06,0,0,0,0,0,0,0,0.0318873019,0.0122853234,0.0001440062,0,0,0,0,0,0,0,9.31323782483306E-07,6.48131798176784E-05,0,0,0,0,0,0,0,0,0,0,0,0,0,0,0,0,0,0
243,0,0,0,0,0,0,0,0,0,0,0,0,0,0,0,0,0,0,0,0,0,0,0,0,0,0,0,0,0,0,0,0,0,0,0,0,0,0,0,0,0.0010627511,0.0012887432,0.0001008255,0,0,0,0,0,0,0,0.0179925954,0.0503659013,0.0151466012,0.000783792,0,0,0,0,0,0,0.0334891935,1,0.0460789467,0.0015713751,0,0,0,0,0,0,0.0217844803,0.0754758459,0.0335696696,0.0002523989,0,0,0,0,0,0,0.0001373819,6.24644727381659E-07,0,0,0,0,0,0,0,0,0,0,0,0,0,0,0,0,0,0
245,0,0,0,0,0,0,0,0,0,0,0,0,0,0,0,0,0,0,0,0,0,0,0,0,0,0,0,0,0,0,0,0,0,0,0,0,0,0,0,0,0,0.0010869323,0.0008992129,0.000159102,0,0,0,0,0,0,1.20269142443191E-05,0.006341967,0.1109862777,0.0079844856,2.00944601565934E-05,0,0,0,0,0,6.01475913321535E-06,0.0460789467,1,0.0390864528,9.69720042150957E-07,0,0,0,0,0,0,0.0367132765,0.0498996386,0.0118029213,0.0002154586,0,0,0,0,0,0,0,0.0004286442,4.1033853911246E-06,0,0,0,0,0,0,0,0,0,0,0,0,0,0,0,0
247,0,0,0,0,0,0,0,0,0,0,0,0,0,0,0,0,0,0,0,0,0,0,0,0,0,0,0,0,0,0,0,0,0,0,0,0,0,0,0,0,0,0,0.0008425001,0.0011883725,0.0003729121,0,0,0,0,0,0,0,0.0178819588,0.088836771,0.0237204635,1.23232075156689E-05,0,0,0,0,0,0.0015713751,0.0390864528,1,0.053686308,0.0009864203,0,0,0,0,0,0.0001885722,0.0109769599,0.1054731844,0.0087706428,0.000254163,0,0,0,0,0,0,0.0002848642,8.94902237053208E-05,0.0003043804,0,0,0,0,0,0,0,0,0,0,0,0,0,0,0
249,0,0,0,0,0,0,0,0,0,0,0,0,0,0,0,0,0,0,0,0,0,0,0,0,0,0,0,0,0,0,0,0,0,0,0,0,0,0,0,0,0,0,0,0.0011515408,0.0008257184,7.06322898266398E-05,0,0,0,0,0,0,0.0007745056,0.0086258456,0.0411829631,0.009802091,0,0,0,0,0,0,9.69720042150957E-07,0.053686308,1,0.067957411,0.0006640783,0,0,0,0,0,0,0.0082285755,0.065921502,0.0125823844,1.46167961602475E-05,0,0,0,0,0,0,3.40008425764508E-05,0.0046149892,0,0,0,0,0,0,0,0,0,0,0,0,0,0,0
251,0,0,0,0,0,0,0,0,0,0,0,0,0,0,0,0,0,0,0,0,0,0,0,0,0,0,0,0,0,0,0,0,0,0,0,0,0,0,0,0,0,0,0,0,1.68911123667601E-05,0.0048765562,0.0002592979,0,0,0,0,0,0,0,0.0109870289,0.0649511146,0.0245740401,0,0,0,0,0,0,0.0009864203,0.067957411,1,0.1967200397,0.0022129871,0,0,0,0,0,0,0.0199384904,0.0487842959,0.0154149305,2.55378368639458E-06,0,0,0,0,0,0,0.0003961318,0.0002912246,0.000367301,0,0,0,0,0,0,0,0,0,0,0,0,0
253,0,0,0,0,0,0,0,0,0,0,0,0,0,0,0,0,0,0,0,0,0,0,0,0,0,0,0,0,0,0,0,0,0,0,0,0,0,0,0,0,0,0,0,0,0,5.12792790308989E-06,0.0055725644,0.0001624694,0,0,0,0,0,0,0.0001020282,0.0557657865,0.064484376,0.0197824596,0.0001919238,0,0,0,0,0,0.0006640783,0.1967200397,1,0.0753414418,0.0011390207,0,0,0,0,0,2.04178161529022E-05,0.0204796215,0.0404240482,0.0285658117,6.73863042624965E-05,0,0,0,0,0,0,7.19006783102209E-05,0.0006470449,0,0,0,0,0,0,0,0,0,0,0,0,0
255,0,0,0,0,0,0,0,0,0,0,0,0,0,0,0,0,0,0,0,0,0,0,0,0,0,0,0,0,0,0,0,0,0,0,0,0,0,0,0,0,0,0,0,0,0,0,2.42152017300028E-05,0.0011659581,9.32348083365469E-06,0,0,0,0,0,0,0,0.0164254788,0.0671296152,0.0183476894,0.000242491,0,0,0,0,0,0.0022129871,0.0753414418,1,0.0631363507,3.4313647907287E-05,0,0,0,0,0,0.000973083,0.011917001,0.0551833054,0.0283539312,3.29732121370041E-05,0,0,0,0,0,0,1.68222921257013E-06,0.0004605693,0.0040933308,0,0,0,0,0,0,0,0,0,0,0
257,0,0,0,0,0,0,0,0,0,0,0,0,0,0,0,0,0,0,0,0,0,0,0,0,0,0,0,0,0,0,0,0,0,0,0,0,0,0,0,0,0,0,0,0,0,0,0,0.0002403584,0.0016611504,1.60647462174636E-07,0,0,0,0,0,0,0.0003904436,0.0557932343,0.0392558062,0.0229370609,0,0,0,0,0,0,0.0011390207,0.0631363507,1,0.1076767863,0,0,0,0,0,0,4.75941575387466E-05,0.0272913308,0.0633380957,0.033747945,0,0,0,0,0,0,0,0,0.0007904344,0.0008779498,0,0,0,0,0,0,0,0,0,0
259,0,0,0,0,0,0,0,0,0,0,0,0,0,0,0,0,0,0,0,0,0,0,0,0,0,0,0,0,0,0,0,0,0,0,0,0,0,0,0,0,0,0,0,0,0,0,0,0,0.0001523868,0.0016458781,0,0,0,0,0,0,0,0.0020423938,0.0188312618,0.0665799482,0,0,0,0,0,0,0,3.4313647907287E-05,0.1076767863,1,0,0,0,0,0,0,0,0.0002911211,0.0296676347,0.0691361058,0,0,0,0,0,0,0,0,1.45914361214279E-05,0.0019380936,0,0,0,0,0,0,0,0,0,0
281,0,0,0,0,0,0,0,0,0,0,0,0,0,0,0,0,0,0,0,0,0,0,0,0,0,0,0,0,0,0,0,0,0,0,0,0,0,0,0,0,0,0,0,0,0,0,0,0,0,0,0.0001182326,8.76016985080893E-05,0,0,0,0,0,0,0,0,0.0318873019,0.0217844803,0,0,0,0,0,0,0,0,1,0.0457796539,0.0020709353,0,0,0,0,0,0,0,0.0954794481,0.0098239455,1.30011017922184E-06,0,0,0,0,0,0,0,2.31298160592833E-05,0.0003019576,0,0,0,0,0,0,0,0
283,0,0,0,0,0,0,0,0,0,0,0,0,0,0,0,0,0,0,0,0,0,0,0,0,0,0,0,0,0,0,0,0,0,0,0,0,0,0,0,0,0,0,0,0,0,0,0,0,0,0,0,0.0005917863,0,0,0,0,0,0,0,0,0.0122853234,0.0754758459,0.0367132765,0.0001885722,0,0,0,0,0,0,0.0457796539,1,0.0901161475,0.0014486052,0,0,0,0,0,0,0.0086069502,0.0640155767,0.0351464371,2.32734427707353E-08,0,0,0,0,0,0,2.1258387365888E-05,0.0002906602,0,0,0,0,0,0,0,0
285,0,0,0,0,0,0,0,0,0,0,0,0,0,0,0,0,0,0,0,0,0,0,0,0,0,0,0,0,0,0,0,0,0,0,0,0,0,0,0,0,0,0,0,0,0,0,0,0,0,0,0,0,8.36551311143013E-05,0,0,0,0,0,0,0,0.0001440062,0.0335696696,0.0498996386,0.0109769599,0,0,0,0,0,0,0.0020709353,0.0901161475,1,0.0871864406,0.0071349021,0,0,0,0,0,2.00115969829267E-05,0.0053994253,0.0748545837,0.0124921699,1.24273645602869E-05,0,0,0,0,0,0,1.29935754522767E-05,0.0023178629,3.84982081556392E-05,0,0,0,0,0,0
287,0,0,0,0,0,0,0,0,0,0,0,0,0,0,0,0,0,0,0,0,0,0,0,0,0,0,0,0,0,0,0,0,0,0,0,0,0,0,0,0,0,0,0,0,0,0,0,0,0,0,0,0,0,0.0002166821,0.0001484155,0,0,0,0,0,0,0.0002523989,0.0118029213,0.1054731844,0.0082285755,0,0,0,0,0,0,0.0014486052,0.0871864406,1,0.101827785,0.0009891619,0,0,0,0,0,0,0.0196354873,0.1126265762,0.0165185018,9.50685135960341E-05,0,0,0,0,0,0,6.34016976910276E-09,0.0027220089,4.65661925616167E-05,0,0,0,0,0
289,0,0,0,0,0,0,0,0,0,0,0,0,0,0,0,0,0,0,0,0,0,0,0,0,0,0,0,0,0,0,0,0,0,0,0,0,0,0,0,0,0,0,0,0,0,0,0,0,0,0,0,0,0,0.0004522203,0.0006347993,0,0,0,0,0,0,0,0.0002154586,0.0087706428,0.065921502,0.0199384904,2.04178161529022E-05,0,0,0,0,0,0.0071349021,0.101827785,1,0.0707743439,0.0048620935,0,0,0,0,0,0.0001247937,0.0133832254,0.0422577785,0.0275141458,2.24274017708037E-05,0,0,0,0,0,0,0.0001446516,0.0015551911,1.5255540634693E-06,0,0,0,0
291,0,0,0,0,0,0,0,0,0,0,0,0,0,0,0,0,0,0,0,0,0,0,0,0,0,0,0,0,0,0,0,0,0,0,0,0,0,0,0,0,0,0,0,0,0,0,0,0,0,0,0,0,0,0,0.0002920883,0.0010336063,0.0001691305,0,0,0,0,0,0,0.000254163,0.0125823844,0.0487842959,0.0204796215,0.000973083,0,0,0,0,0,0.0009891619,0.0707743439,1,0.0924525961,0.0028473533,0,0,0,0,0,0,0.0071914218,0.0870132241,0.0071140092,0.0006562291,0,0,0,0,0,0,0,0.0006061982,0,0,0,0
293,0,0,0,0,0,0,0,0,0,0,0,0,0,0,0,0,0,0,0,0,0,0,0,0,0,0,0,0,0,0,0,0,0,0,0,0,0,0,0,0,0,0,0,0,0,0,0,0,0,0,0,0,0,0,0,0.0013197425,0.0005154886,0,0,0,0,0,0,0,1.46167961602475E-05,0.0154149305,0.0404240482,0.011917001,4.75941575387466E-05,0,0,0,0,0,0.0048620935,0.0924525961,1,0.0343830778,0,0,0,0,0,0,0.000001659,0.0100062811,0.0501582716,0.0136858142,0.0003732748,0,0,0,0,0,0,4.4324851982513E-05,5.06008755193917E-05,0.0009737688,0,0
295,0,0,0,0,0,0,0,0,0,0,0,0,0,0,0,0,0,0,0,0,0,0,0,0,0,0,0,0,0,0,0,0,0,0,0,0,0,0,0,0,0,0,0,0,0,0,0,0,0,0,0,0,0,0,0,0,0.0001048238,0.009680966,0,0,0,0,0,0,0,2.55378368639458E-06,0.0285658117,0.0551833054,0.0272913308,0.0002911211,0,0,0,0,0,0.0028473533,0.0343830778,1,0.0472634933,0.0002639152,0,0,0,0,0,0.00029624,0.0173181296,0.0867763078,0.0235523808,1.25787997775555E-05,0,0,0,0,0,0,0.0007889759,0.0002835675,3.20415999029177E-06,0
297,0,0,0,0,0,0,0,0,0,0,0,0,0,0,0,0,0,0,0,0,0,0,0,0,0,0,0,0,0,0,0,0,0,0,0,0,0,0,0,0,0,0,0,0,0,0,0,0,0,0,0,0,0,0,0,0,0,6.23252794329201E-05,0.0005483331,0,0,0,0,0,0,0,6.73863042624965E-05,0.0283539312,0.0633380957,0.0296676347,0,0,0,0,0,0,0,0.0472634933,1,0.0641892438,0,0,0,0,0,0,9.87582470884535E-05,0.0077996213,0.1001028067,0.0119000402,0,0,0,0,0,0,0,0.0003212051,0.0020717941,0
299,0,0,0,0,0,0,0,0,0,0,0,0,0,0,0,0,0,0,0,0,0,0,0,0,0,0,0,0,0,0,0,0,0,0,0,0,0,0,0,0,0,0,0,0,0,0,0,0,0,0,0,0,0,0,0,0,0,0,4.68817231888151E-06,5.5505812140275E-07,0,0,0,0,0,0,0,3.29732121370041E-05,0.033747945,0.0691361058,0,0,0,0,0,0,0,0.0002639152,0.0641892438,1,0,0,0,0,0,0,0,8.78691501329362E-05,0.0171650673,0.055469985,0,0,0,0,0,0,0,0,0.0041463231,0.0005368866
321,0,0,0,0,0,0,0,0,0,0,0,0,0,0,0,0,0,0,0,0,0,0,0,0,0,0,0,0,0,0,0,0,0,0,0,0,0,0,0,0,0,0,0,0,0,0,0,0,0,0,0,0,0,0,0,0,0,0,0,0,9.31323782483306E-07,0.0001373819,0,0,0,0,0,0,0,0,0.0954794481,0.0086069502,2.00115969829267E-05,0,0,0,0,0,0,0,1,0.1721456911,0.0001601925,0,0,0,0,0,0,0,0.0760795815,0.0088334368,1.12838830165553E-05,0,0,0,0,0,0,0
323,0,0,0,0,0,0,0,0,0,0,0,0,0,0,0,0,0,0,0,0,0,0,0,0,0,0,0,0,0,0,0,0,0,0,0,0,0,0,0,0,0,0,0,0,0,0,0,0,0,0,0,0,0,0,0,0,0,0,0,0,6.48131798176784E-05,6.24644727381659E-07,0,0,0,0,0,0,0,0,0.0098239455,0.0640155767,0.0053994253,0,0,0,0,0,0,0,0.1721456911,1,0.1239397741,0.0011404242,0,0,0,0,0,0,0.0251392971,0.1688249454,0.0060686902,0.0004779917,0,0,0,0,0,0
325,0,0,0,0,0,0,0,0,0,0,0,0,0,0,0,0,0,0,0,0,0,0,0,0,0,0,0,0,0,0,0,0,0,0,0,0,0,0,0,0,0,0,0,0,0,0,0,0,0,0,0,0,0,0,0,0,0,0,0,0,0,0,0.0004286442,0.0002848642,0,0,0,0,0,0,1.30011017922184E-06,0.0351464371,0.0748545837,0.0196354873,0.0001247937,0,0,0,0,0,0.0001601925,0.1239397741,1,0.1046970753,0.0009551748,0,0,0,0,0,0.0016142019,0.017921548,0.0641359271,0.0089379957,0.0006690378,0,0,0,0,0
327,0,0,0,0,0,0,0,0,0,0,0,0,0,0,0,0,0,0,0,0,0,0,0,0,0,0,0,0,0,0,0,0,0,0,0,0,0,0,0,0,0,0,0,0,0,0,0,0,0,0,0,0,0,0,0,0,0,0,0,0,0,0,4.1033853911246E-06,8.94902237053208E-05,3.40008425764508E-05,0,0,0,0,0,0,2.32734427707353E-08,0.0124921699,0.1126265762,0.0133832254,0,0,0,0,0,0,0.0011404242,0.1046970753,1,0.0429513131,0.000260001,0,0,0,0,0,7.36090399553776E-06,0.0039079861,0.0727957816,0.0344211159,0,0,0,0,0
329,0,0,0,0,0,0,0,0,0,0,0,0,0,0,0,0,0,0,0,0,0,0,0,0,0,0,0,0,0,0,0,0,0,0,0,0,0,0,0,0,0,0,0,0,0,0,0,0,0,0,0,0,0,0,0,0,0,0,0,0,0,0,0,0.0003043804,0.0046149892,0.0003961318,0,0,0,0,0,0,1.24273645602869E-05,0.0165185018,0.0422577785,0.0071914218,0.000001659,0,0,0,0,0,0.0009551748,0.0429513131,1,0.0555469959,0.0008900166,0,0,0,0,0,5.04357390830821E-06,0.0184713831,0.0709668659,0.0158728847,0.0004120823,0,0,0
331,0,0,0,0,0,0,0,0,0,0,0,0,0,0,0,0,0,0,0,0,0,0,0,0,0,0,0,0,0,0,0,0,0,0,0,0,0,0,0,0,0,0,0,0,0,0,0,0,0,0,0,0,0,0,0,0,0,0,0,0,0,0,0,0,0,0.0002912246,7.19006783102209E-05,0,0,0,0,0,0,9.50685135960341E-05,0.0275141458,0.0870132241,0.0100062811,0.00029624,0,0,0,0,0,0.000260001,0.0555469959,1,0.0564831266,0.0016778741,0,0,0,0,0,0,0.0237055081,0.1060052064,0.0145073728,0,0,0
333,0,0,0,0,0,0,0,0,0,0,0,0,0,0,0,0,0,0,0,0,0,0,0,0,0,0,0,0,0,0,0,0,0,0,0,0,0,0,0,0,0,0,0,0,0,0,0,0,0,0,0,0,0,0,0,0,0,0,0,0,0,0,0,0,0,0.000367301,0.0006470449,1.68222921257013E-06,0,0,0,0,0,0,2.24274017708037E-05,0.0071140092,0.0501582716,0.0173181296,9.87582470884535E-05,0,0,0,0,0,0.0008900166,0.0564831266,1,0.0570641867,0.0056274961,0,0,0,0,0,2.32061285066152E-05,0.0248918484,0.05433799,0.0039320353,1.18579300783089E-06,0
335,0,0,0,0,0,0,0,0,0,0,0,0,0,0,0,0,0,0,0,0,0,0,0,0,0,0,0,0,0,0,0,0,0,0,0,0,0,0,0,0,0,0,0,0,0,0,0,0,0,0,0,0,0,0,0,0,0,0,0,0,0,0,0,0,0,0,0,0.0004605693,0,0,0,0,0,0,0,0.0006562291,0.0136858142,0.0867763078,0.0077996213,8.78691501329362E-05,0,0,0,0,0,0.0016778741,0.0570641867,1,0.0585956173,0.0047557987,0,0,0,0,0,2.20975315801892E-05,0.0505334995,0.0567462615,0.0312967432,0.0001941627
337,0,0,0,0,0,0,0,0,0,0,0,0,0,0,0,0,0,0,0,0,0,0,0,0,0,0,0,0,0,0,0,0,0,0,0,0,0,0,0,0,0,0,0,0,0,0,0,0,0,0,0,0,0,0,0,0,0,0,0,0,0,0,0,0,0,0,0,0.0040933308,0.0007904344,1.45914361214279E-05,0,0,0,0,0,0,0.0003732748,0.0235523808,0.1001028067,0.0171650673,0,0,0,0,0,0,0.0056274961,0.0585956173,1,0.0416357881,0,0,0,0,0,0,1.75040100076043E-06,0.0177827275,0.1242526309,0.017669445
339,0,0,0,0,0,0,0,0,0,0,0,0,0,0,0,0,0,0,0,0,0,0,0,0,0,0,0,0,0,0,0,0,0,0,0,0,0,0,0,0,0,0,0,0,0,0,0,0,0,0,0,0,0,0,0,0,0,0,0,0,0,0,0,0,0,0,0,0,0.0008779498,0.0019380936,0,0,0,0,0,0,0,1.25787997775555E-05,0.0119000402,0.055469985,0,0,0,0,0,0,0,0.0047557987,0.0416357881,1,0,0,0,0,0,0,0,0.0002296471,0.0152591314,0.0239515078
361,0,0,0,0,0,0,0,0,0,0,0,0,0,0,0,0,0,0,0,0,0,0,0,0,0,0,0,0,0,0,0,0,0,0,0,0,0,0,0,0,0,0,0,0,0,0,0,0,0,0,0,0,0,0,0,0,0,0,0,0,0,0,0,0,0,0,0,0,0,0,2.31298160592833E-05,2.1258387365888E-05,0,0,0,0,0,0,0,0,0.0760795815,0.0251392971,0.0016142019,0,0,0,0,0,0,0,1,0.0366155835,0.0005608618,0,0,0,0,0,0,0
363,0,0,0,0,0,0,0,0,0,0,0,0,0,0,0,0,0,0,0,0,0,0,0,0,0,0,0,0,0,0,0,0,0,0,0,0,0,0,0,0,0,0,0,0,0,0,0,0,0,0,0,0,0,0,0,0,0,0,0,0,0,0,0,0,0,0,0,0,0,0,0.0003019576,0.0002906602,1.29935754522767E-05,0,0,0,0,0,0,0,0.0088334368,0.1688249454,0.017921548,7.36090399553776E-06,0,0,0,0,0,0,0.0366155835,1,0.0477815149,0.0005872666,0,0,0,0,0,0
365,0,0,0,0,0,0,0,0,0,0,0,0,0,0,0,0,0,0,0,0,0,0,0,0,0,0,0,0,0,0,0,0,0,0,0,0,0,0,0,0,0,0,0,0,0,0,0,0,0,0,0,0,0,0,0,0,0,0,0,0,0,0,0,0,0,0,0,0,0,0,0,0,0.0023178629,6.34016976910276E-09,0,0,0,0,0,0,1.12838830165553E-05,0.0060686902,0.0641359271,0.0039079861,5.04357390830821E-06,0,0,0,0,0,0.0005608618,0.0477815149,1,0.0385439937,0.0017224447,0,0,0,0,0
367,0,0,0,0,0,0,0,0,0,0,0,0,0,0,0,0,0,0,0,0,0,0,0,0,0,0,0,0,0,0,0,0,0,0,0,0,0,0,0,0,0,0,0,0,0,0,0,0,0,0,0,0,0,0,0,0,0,0,0,0,0,0,0,0,0,0,0,0,0,0,0,0,3.84982081556392E-05,0.0027220089,0.0001446516,0,0,0,0,0,0,0.0004779917,0.0089379957,0.0727957816,0.0184713831,0,0,0,0,0,0,0.0005872666,0.0385439937,1,0.0430365923,0.0022911494,0,0,0,0
369,0,0,0,0,0,0,0,0,0,0,0,0,0,0,0,0,0,0,0,0,0,0,0,0,0,0,0,0,0,0,0,0,0,0,0,0,0,0,0,0,0,0,0,0,0,0,0,0,0,0,0,0,0,0,0,0,0,0,0,0,0,0,0,0,0,0,0,0,0,0,0,0,0,4.65661925616167E-05,0.0015551911,0,0,0,0,0,0,0,0.0006690378,0.0344211159,0.0709668659,0.0237055081,2.32061285066152E-05,0,0,0,0,0,0.0017224447,0.0430365923,1,0.0505301123,0.0001601415,0,0,0
371,0,0,0,0,0,0,0,0,0,0,0,0,0,0,0,0,0,0,0,0,0,0,0,0,0,0,0,0,0,0,0,0,0,0,0,0,0,0,0,0,0,0,0,0,0,0,0,0,0,0,0,0,0,0,0,0,0,0,0,0,0,0,0,0,0,0,0,0,0,0,0,0,0,0,1.5255540634693E-06,0.0006061982,4.4324851982513E-05,0,0,0,0,0,0,0,0.0158728847,0.1060052064,0.0248918484,2.20975315801892E-05,0,0,0,0,0,0.0022911494,0.0505301123,1,0.0864006195,0.000661086,0,0
373,0,0,0,0,0,0,0,0,0,0,0,0,0,0,0,0,0,0,0,0,0,0,0,0,0,0,0,0,0,0,0,0,0,0,0,0,0,0,0,0,0,0,0,0,0,0,0,0,0,0,0,0,0,0,0,0,0,0,0,0,0,0,0,0,0,0,0,0,0,0,0,0,0,0,0,0,5.06008755193917E-05,0.0007889759,0,0,0,0,0,0,0.0004120823,0.0145073728,0.05433799,0.0505334995,1.75040100076043E-06,0,0,0,0,0,0.0001601415,0.0864006195,1,0.0823365155,0.0004527592,0
375,0,0,0,0,0,0,0,0,0,0,0,0,0,0,0,0,0,0,0,0,0,0,0,0,0,0,0,0,0,0,0,0,0,0,0,0,0,0,0,0,0,0,0,0,0,0,0,0,0,0,0,0,0,0,0,0,0,0,0,0,0,0,0,0,0,0,0,0,0,0,0,0,0,0,0,0,0.0009737688,0.0002835675,0.0003212051,0,0,0,0,0,0,0,0.0039320353,0.0567462615,0.0177827275,0.0002296471,0,0,0,0,0,0.000661086,0.0823365155,1,0.0659401129,0.0002767245
377,0,0,0,0,0,0,0,0,0,0,0,0,0,0,0,0,0,0,0,0,0,0,0,0,0,0,0,0,0,0,0,0,0,0,0,0,0,0,0,0,0,0,0,0,0,0,0,0,0,0,0,0,0,0,0,0,0,0,0,0,0,0,0,0,0,0,0,0,0,0,0,0,0,0,0,0,0,3.20415999029177E-06,0.0020717941,0.0041463231,0,0,0,0,0,0,1.18579300783089E-06,0.0312967432,0.1242526309,0.0152591314,0,0,0,0,0,0,0.0004527592,0.0659401129,1,0.0705813579
379,0,0,0,0,0,0,0,0,0,0,0,0,0,0,0,0,0,0,0,0,0,0,0,0,0,0,0,0,0,0,0,0,0,0,0,0,0,0,0,0,0,0,0,0,0,0,0,0,0,0,0,0,0,0,0,0,0,0,0,0,0,0,0,0,0,0,0,0,0,0,0,0,0,0,0,0,0,0,0,0.0005368866,0,0,0,0,0,0,0,0.0001941627,0.017669445,0.0239515078,0,0,0,0,0,0,0,0.0002767245,0.0705813579,1
