AIRSTRIPS,X,Y,A1,H1,MAX TANKERS,MAX HELIS,,,,,,,,,,,,,,
1,30,20,0,0,10,10,,,,,,,,,,,,,,
2,120,40,2,0,10,10,,,,,,,,,,,,,,
3,40,180,2,0,10,10,,,,,,,,,,,,,,
4,20,110,1,0,10,10,,,,,,,,,,,,,,
5,140,180,2,0,10,10,,,,,,,,,,,,,,
6,180,50,4,0,10,10,,,,,,,,,,,,,,
7,160,100,5,0,10,10,,,,,,,,,,,,,,
8,80,80,1,0,10,10,,,,,,,,,,,,,,
9,100,140,3,0,10,10,,,,,,,,,,,,,,
10,60,140,0,0,10,10,,,,,,,,,,,,,,
,,,,,,,,,,,,,,,,,,,,
BASES,X,Y,T1,CAPACITY,,,,,,,,,,,,,,,,
,,,,,,,,,,,,,,,,,,,,
RAW PATCHES,LOCATION X,LOCATION Y,LOCATION Z,VEGETATION,PRECIP_0,TEMP_0_MIN,TEMP_0_MAX,PRECIP_CAT,EXISTING_FIRES,FIRE_AGE,WIND_0_NS,WIND_0_EW,"VERTICES ([X1, Y1, X2, Y2, â€¦, XN, YN] TRACING THE OUTLINE. THIS ALLOWS IRREGULAR, CLOSED POLYGONS. THE FINAL COORDINATE CONNECTS TO THE FIRST ONE TO CLOSE THE SHAPE.)",,,,,,,
1,5,5,100,2,43.38,30.1545454545,31.6945742192,0,0,0,13.6974150005,10.263261157,0,0,0,10,10,10,10,0
2,5,15,100,1,45.67,27.7548840403,29.3818181818,0,0,0,-7.2072708505,17.9641673593,0,10,0,20,10,20,10,10
3,5,25,100,3,44.88,28.0437027272,29.1727272727,0,0,0,-11.7507838936,32.7136147625,0,20,0,30,10,30,10,20
4,5,35,100,1,44.75,28.7318691656,29.4272727273,0,0,0,6.5585409367,19.5814071225,0,30,0,40,10,40,10,30
5,5,45,100,2,45.17,28.2107707355,29.7181818182,0,0,0,5.8345507204,12.3518989403,0,40,0,50,10,50,10,40
6,5,55,100,1,44.71,26.4646825481,27.8363636364,0,0,0,-7.7913010596,6.8278742542,0,50,0,60,10,60,10,50
7,5,65,100,3,45.08,27.7013208626,28.7727272727,0,0,0,10.2110588304,-2.7000812549,0,60,0,70,10,70,10,60
8,5,75,100,3,46.15,28.33862797,28.9909090909,0,0,0,0.6091744454,-2.6506181958,0,70,0,80,10,80,10,70
9,5,85,100,2,45.3,27.3416325078,28.8090909091,0,0,0,-7.202953282,-7.2146633656,0,80,0,90,10,90,10,80
10,5,95,100,3,45.22,27.2755084972,28.6727272727,0,0,0,-4.3473779075,-8.0275387132,0,90,0,100,10,100,10,90
11,5,105,100,2,45.42,26.6745113407,28.2727272727,0,0,0,-1.141400817,-10.107045696,0,100,0,110,10,110,10,100
12,5,115,100,2,43.45,26.7307092655,28.2818181818,0,10.9380693308,126.375074713,2.5283511165,-3.9125271844,0,110,0,120,10,120,10,110
13,5,125,100,1,46.45,28.1896565196,29.1363636364,0,0,0,3.9192148732,1.7444176886,0,120,0,130,10,130,10,120
14,5,135,100,3,44.84,28.5180156658,28.8909090909,0,0,0,3.9298134536,10.4636909163,0,130,0,140,10,140,10,130
15,5,145,100,3,43.5,27.1008161617,27.7818181818,0,0,0,4.5043188726,14.8998039449,0,140,0,150,10,150,10,140
16,5,155,100,2,44.69,28.4725467554,29.6545454545,0,0,0,15.7058575396,5.7784427387,0,150,0,160,10,160,10,150
17,5,165,100,3,46.07,29.5864128531,30.7636363636,0,0,0,-24.1926246937,-3.0135343326,0,160,0,170,10,170,10,160
18,5,175,100,1,44.22,27.755260073,28.3727272727,0,21.2063543475,229.0466859087,-14.7894322502,10.3341497546,0,170,0,180,10,180,10,170
19,5,185,100,2,43.71,27.0711697726,28.2454545455,0,0,0,7.3832290194,27.8461120526,0,180,0,190,10,190,10,180
20,5,195,100,2,45.32,28.0060252771,28.8090909091,0,0,0,1.0238473871,21.4939652714,0,190,0,200,10,200,10,190
21,15,5,100,2,46.09,29.4561664416,29.6363636364,0,0,0,-2.6101225332,-18.6660965741,10,0,10,10,20,10,20,0
22,15,15,100,2,44.38,28.4087093006,29.3272727273,0,0,0,-1.1673524647,-4.0442539928,10,10,10,20,20,20,20,10
23,15,25,100,2,44.28,28.764370812,30.2,0,0,0,10.3386511147,6.4305150579,10,20,10,30,20,30,20,20
24,15,35,100,1,46.03,28.1978805408,29.7363636364,0,0,0,-0.9549754182,-10.3094174968,10,30,10,40,20,40,20,30
25,15,45,100,1,46.23,28.1293849166,29.4181818182,0,0,0,-14.1283410615,-9.6469988069,10,40,10,50,20,50,20,40
26,15,55,100,2,45.22,29.3959439263,29.7181818182,0,0,0,-15.5181511592,-19.9392482775,10,50,10,60,20,60,20,50
27,15,65,100,3,45.24,25.5459076822,27.0454545455,0,0,0,1.4110435443,-31.0514105796,10,60,10,70,20,70,20,60
28,15,75,100,3,45.74,28.8962343957,29.7454545455,0,0,0,9.7561263153,-28.326070258,10,70,10,80,20,80,20,70
29,15,85,100,2,45.76,27.9287171137,28.5272727273,0,0,0,-6.6058289744,-22.614578669,10,80,10,90,20,90,20,80
30,15,95,100,3,45.91,27.8514852396,28.3727272727,0,0,0,4.2774603951,-13.6982606189,10,90,10,100,20,100,20,90
31,15,105,100,1,44,27.0474476331,27.2181818182,0,0,0,7.2971270068,-2.0232986219,10,100,10,110,20,110,20,100
32,15,115,100,1,46.22,26.9741030584,27.5272727273,0,0,0,8.4645574472,-3.2086730817,10,110,10,120,20,120,20,110
33,15,125,100,1,44.71,28.2103642524,28.3090909091,0,0,0,5.9974842,10.4746378137,10,120,10,130,20,130,20,120
34,15,135,100,1,45.71,29.8515129228,30.9090909091,0,0,0,10.5432040225,9.1755556126,10,130,10,140,20,140,20,130
35,15,145,100,1,43.81,30.0269237735,30.3727272727,0,0,0,-7.9125607729,-2.1491047048,10,140,10,150,20,150,20,140
36,15,155,100,1,44.57,28.5432977453,29.8363636364,0,0,0,-2.9715725143,-18.3234658994,10,150,10,160,20,160,20,150
37,15,165,100,1,44.8,29.1035598138,29.8454545455,0,0,0,-5.1396655547,-8.2978924594,10,160,10,170,20,170,20,160
38,15,175,100,1,44.81,28.5461638257,28.6,0,0,0,5.1393111541,-10.6881112133,10,170,10,180,20,180,20,170
39,15,185,100,2,46.48,30.2537187311,30.3545454545,0,0,0,9.2150957947,9.016845435,10,180,10,190,20,190,20,180
40,15,195,100,3,40.93,28.311157656,29.0727272727,0,0,0,-0.6493371804,-1.6418367997,10,190,10,200,20,200,20,190
41,25,5,100,1,45.6,27.536666525,28.8272727273,0,0,0,-0.1552783437,8.0036238759,20,0,20,10,30,10,30,0
42,25,15,100,2,44.12,27.845253069,28.8636363636,0,0,0,-4.1176345516,-17.6733907925,20,10,20,20,30,20,30,10
43,25,25,100,1,42.75,27.5581305551,28.4272727273,0,0,0,-4.2915571881,-23.7507957567,20,20,20,30,30,30,30,20
44,25,35,100,1,42.47,30.1046800787,30.4545454545,0,0,0,-11.2811505184,-26.6097464565,20,30,20,40,30,40,30,30
45,25,45,100,3,74.54,24.5065210679,25.0264084507,1,0,0,-13.1847881315,-27.7834350695,20,40,20,50,30,50,30,40
46,25,55,100,2,74.04,23.8860771214,25.0352112676,1,0,0,-11.8027717028,-29.480416369,20,50,20,60,30,60,30,50
47,25,65,100,1,73.63,22.9235229568,23.4419014085,1,0,0,-3.3252613299,-27.270343602,20,60,20,70,30,70,30,60
48,25,75,100,1,76.77,22.6222448393,22.6848591549,1,0,0,10.3739777669,-19.0293111845,20,70,20,80,30,80,30,70
49,25,85,100,2,73.99,23.9139698498,25.2024647887,1,0,0,10.4340132937,-19.6464990709,20,80,20,90,30,90,30,80
50,25,95,100,2,74.69,24.0097053459,24.1197183099,1,0,0,0.5448742003,-20.9161509333,20,90,20,100,30,100,30,90
51,25,105,100,2,45.46,25.7142585099,27,0,0,0,18.5886947567,-1.2516893305,20,100,20,110,30,110,30,100
52,25,115,100,2,44.22,29.6471828974,30.4818181818,0,0,0,11.6486987999,-0.264645892,20,110,20,120,30,120,30,110
53,25,125,100,2,43.55,27.7025665371,28.7545454545,0,0,0,6.2624497614,7.8229434381,20,120,20,130,30,130,30,120
54,25,135,100,3,45.35,30.3663782815,30.6272727273,0,0,0,-5.8574441426,-4.3007257183,20,130,20,140,30,140,30,130
55,25,145,100,2,43.75,28.127700171,28.4727272727,0,0,0,-15.5235791686,-4.5686014138,20,140,20,150,30,150,30,140
56,25,155,100,2,43.77,27.63962509,28.1181818182,0,0,0,6.667641089,-2.2808649107,20,150,20,160,30,160,30,150
57,25,165,100,3,45.09,27.5373538339,28.5545454545,0,0,0,1.2237893375,-3.4996255647,20,160,20,170,30,170,30,160
58,25,175,100,2,42.78,26.4574374207,27.8909090909,0,0,0,-1.8093940647,-5.1198464963,20,170,20,180,30,180,30,170
59,25,185,100,2,45.95,29.1651426603,30.6636363636,0,0,0,13.8128446066,2.6643464128,20,180,20,190,30,190,30,180
60,25,195,100,1,51.82,28.7275694796,29.0818181818,0,0,0,0.330582832,-11.5334525237,20,190,20,200,30,200,30,190
61,35,5,100,2,45.16,28.3010003827,28.7363636364,0,0,0,-8.735763233,10.0981470616,30,0,30,10,40,10,40,0
62,35,15,100,3,44.69,27.7262902798,28.0727272727,0,0,0,-17.8846900945,1.4469397486,30,10,30,20,40,20,40,10
63,35,25,100,1,72.99,23.9020234169,25.4841549296,1,0,0,-11.6268329774,-26.8990913208,30,20,30,30,40,30,40,20
64,35,35,100,2,73.5,24.0156967839,24.5070422535,1,0,0,-2.1524404903,-13.3509002252,30,30,30,40,40,40,40,30
65,35,45,100,2,73.74,22.4920158166,23.4330985915,1,0,0,-15.7074001405,-15.8614329697,30,40,30,50,40,50,40,40
66,35,55,100,1,75.03,24.5155958027,24.7183098592,1,0,0,-9.0330650481,-12.3689824702,30,50,30,60,40,60,40,50
67,35,65,100,1,75.19,23.4525592157,24.4190140845,1,0,0,-7.7374356911,-15.1594960252,30,60,30,70,40,70,40,60
68,35,75,100,1,73.71,23.7184149923,24.1549295775,1,0,0,11.9444668505,-15.7002633506,30,70,30,80,40,80,40,70
69,35,85,100,2,75.4,23.0655851087,23.8556338028,1,0,0,23.4851769247,-11.7810662935,30,80,30,90,40,90,40,80
70,35,95,100,1,76.25,23.4735469518,24.8151408451,1,0,0,10.0928619834,-4.4222387758,30,90,30,100,40,100,40,90
71,35,105,100,2,74.82,23.2641483118,24.4454225352,1,0,0,18.6518004983,-11.0673932024,30,100,30,110,40,110,40,100
72,35,115,100,2,45.47,27.891896631,28.8818181818,0,0,0,23.6620306242,-3.198187908,30,110,30,120,40,120,40,110
73,35,125,100,1,44.7,29.9586578525,30.2454545455,0,0,0,-1.840822331,-4.9117738166,30,120,30,130,40,130,40,120
74,35,135,100,1,43.5,29.6919395177,30.1909090909,0,0,0,6.1967051748,0.9056980763,30,130,30,140,40,140,40,130
75,35,145,100,1,43.49,27.9421510596,28.9636363636,0,0,0,-14.3296929593,-8.6114702584,30,140,30,150,40,150,40,140
76,35,155,100,2,44.62,28.5849117992,29.1090909091,0,0,0,-3.0152266598,-1.6315409616,30,150,30,160,40,160,40,150
77,35,165,100,1,43.75,27.6186881207,29.2181818182,0,0,0,-0.4523755941,9.0155691065,30,160,30,170,40,170,40,160
78,35,175,100,1,45.34,27.4500074805,28.7090909091,0,0,0,-6.6316294753,-7.1849949269,30,170,30,180,40,180,40,170
79,35,185,100,2,45.13,27.2532716511,28.8636363636,0,0,0,2.3764554601,-3.3625819981,30,180,30,190,40,190,40,180
80,35,195,100,3,55.19,28.2672659772,29.4454545455,0,0,0,-4.0688326564,0.1061578334,30,190,30,200,40,200,40,190
81,45,5,100,1,45.16,29.1904694405,30.2181818182,0,0,0,-17.4714952085,-33.5305566906,40,0,40,10,50,10,50,0
82,45,15,100,2,76.36,25.0877411854,26.6373239437,1,0,0,-11.8637291389,-15.246458059,40,10,40,20,50,20,50,10
83,45,25,100,2,73.15,23.8659736393,24.6302816901,1,0,0,-10.8253966391,-4.814462696,40,20,40,30,50,30,50,20
84,45,35,100,3,77.53,22.8845367007,22.9753521127,1,0,0,-1.5944659139,-0.9833627989,40,30,40,40,50,40,50,30
85,45,45,100,2,76.1,25.5550501818,26.3820422535,1,0,0,-10.9346944462,-16.2159687511,40,40,40,50,50,50,50,40
86,45,55,100,1,114.56,20.5843403426,21.7605633803,1,0,0,-11.9956481933,-14.146980172,40,50,40,60,50,60,50,50
87,45,65,100,2,116.05,19.3687655355,20.3080985915,1,0,0,2.7632937755,-25.5187598615,40,60,40,70,50,70,50,60
88,45,75,100,1,114.89,20.2028838183,21.338028169,1,0,0,12.9703103476,-10.3817144768,40,70,40,80,50,80,50,70
89,45,85,100,2,74.99,21.9212053626,23.4507042254,1,0,0,21.1985129112,0.5890447771,40,80,40,90,50,90,50,80
90,45,95,100,1,75.35,24.0483507168,25.088028169,1,0,0,1.4763629775,7.8978104353,40,90,40,100,50,100,50,90
91,45,105,100,2,74.75,25.3653130063,25.3785211268,1,0,0,8.9212243229,-7.428019468,40,100,40,110,50,110,50,100
92,45,115,100,1,74.87,25.0971900233,26.3116197183,1,0,0,17.4944237366,-15.0324700794,40,110,40,120,50,120,50,110
93,45,125,100,2,44.43,29.2002927353,29.5,0,0,0,12.1433271681,-9.2739568618,40,120,40,130,50,130,50,120
94,45,135,100,3,44.45,28.0521973106,29.3181818182,0,0,0,6.2591916256,-7.0153578605,40,130,40,140,50,140,50,130
95,45,145,100,2,44.07,28.9641006173,29.0181818182,0,0,0,-2.6373238571,-10.2141705747,40,140,40,150,50,150,50,140
96,45,155,100,2,45.51,26.2127706086,27.5545454545,0,0,0,-7.7670666356,-0.307355344,40,150,40,160,50,160,50,150
97,45,165,100,1,46.46,28.8132581691,29.9272727273,0,0,0,0.2868965944,12.3341131558,40,160,40,170,50,170,50,160
98,45,175,100,1,45.38,28.0209670071,29.4181818182,0,0,0,2.543508253,7.9632897416,40,170,40,180,50,180,50,170
99,45,185,100,2,46.63,26.8141700711,28.1090909091,0,0,0,6.5389572925,0.3723283594,40,180,40,190,50,190,50,180
100,45,195,100,2,46.95,28.6378944986,29.8909090909,0,0,0,20.3327932228,2.4100884422,40,190,40,200,50,200,50,190
101,55,5,100,1,75.09,23.4197581243,24.3397887324,1,0,0,-24.8006485556,-18.6091320173,50,0,50,10,60,10,60,0
102,55,15,100,1,72.7,21.5394629716,22.5264084507,1,0,0,-16.3638593077,-20.6182630362,50,10,50,20,60,20,60,10
103,55,25,100,3,74.92,24.9954526387,25.1056338028,1,0,0,-10.36118474,-7.6263633916,50,20,50,30,60,30,60,20
104,55,35,100,3,75.89,24.2439625422,24.8767605634,1,0,0,-7.0740381285,-26.3093076006,50,30,50,40,60,40,60,30
105,55,45,100,1,114.38,22.0302039831,22.5792253521,1,0,0,-15.5377186606,-18.6510193065,50,40,50,50,60,50,60,40
106,55,55,100,2,114.99,19.2605550032,20.2200704225,1,0,0,-17.2750071017,-7.1790064933,50,50,50,60,60,60,60,50
107,55,65,100,2,114.96,21.664636855,21.8838028169,1,0,0,13.9530775283,19.9072999757,50,60,50,70,60,70,60,60
108,55,75,100,2,115.55,20.7312003616,21.5316901408,1,0,0,27.018614072,17.86283951,50,70,50,80,60,80,60,70
109,55,85,100,1,73.76,25.1365206569,25.6866197183,1,0,0,25.3278164124,16.2694027062,50,80,50,90,60,90,60,80
110,55,95,100,2,74.75,25.4887598302,26.3292253521,1,0,0,-3.6886362424,0.7276928454,50,90,50,100,60,100,60,90
111,55,105,100,1,74.34,23.6793039847,24.5598591549,1,0,0,-14.1495461475,-9.0499030125,50,100,50,110,60,110,60,100
112,55,115,100,1,74.79,24.1016661802,25.1408450704,1,0,0,8.7731447806,-17.6591013748,50,110,50,120,60,120,60,110
113,55,125,100,1,73.37,24.3091563631,25.2376760563,1,0,0,23.5150859043,-24.4262554072,50,120,50,130,60,130,60,120
114,55,135,100,2,45.88,28.8750662766,29.3181818182,0,0,0,10.9762619203,-15.7259602656,50,130,50,140,60,140,60,130
115,55,145,100,2,45.28,28.2967212217,29.3,0,0,0,-8.7706669338,7.7395384033,50,140,50,150,60,150,60,140
116,55,155,100,2,46.93,27.4464564095,28.9909090909,0,0,0,-0.1867494615,-2.5106298747,50,150,50,160,60,160,60,150
117,55,165,100,2,46.06,28.6263926277,29.5909090909,0,0,0,-12.6448639943,0.0887647228,50,160,50,170,60,170,60,160
118,55,175,100,1,44.16,27.0431077141,28.7454545455,0,0,0,-16.08105618,-5.4234807507,50,170,50,180,60,180,60,170
119,55,185,100,2,45.26,28.6709335881,29.1272727273,0,0,0,7.3522622818,-7.1057710769,50,180,50,190,60,190,60,180
120,55,195,100,2,55.94,30.4810136683,30.9727272727,0,0,0,9.9185009564,-7.3687649896,50,190,50,200,60,200,60,190
121,65,5,100,1,75.5,25.4661512623,25.6866197183,1,0,0,-15.5970481743,10.1184524147,60,0,60,10,70,10,70,0
122,65,15,100,2,75.68,23.5154146335,24.7799295775,1,0,0,-6.7749716014,0.2815691918,60,10,60,20,70,20,70,10
123,65,25,100,2,74.16,23.3575609693,24.1197183099,1,0,0,-5.8176127728,1.8517623669,60,20,60,30,70,30,70,20
124,65,35,100,1,115.68,20.4354483033,21.6637323944,1,0,0,-15.3508674831,3.8408785986,60,30,60,40,70,40,70,30
125,65,45,100,2,115.26,19.3701834686,20.5281690141,1,0,0,-4.6357712154,13.8999377412,60,40,60,50,70,50,70,40
126,65,55,100,2,115.2,20.6659109256,20.6690140845,1,0,0,-1.7770241019,23.91115187,60,50,60,60,70,60,70,50
127,65,65,100,1,113.45,21.1541885856,22.6672535211,1,0,0,14.7150431585,26.3882776477,60,60,60,70,70,70,70,60
128,65,75,100,2,74.19,23.1627664885,24.6566901408,1,0,0,11.6389267891,23.3976940058,60,70,60,80,70,80,70,70
129,65,85,100,1,74.18,25.4215326522,25.6338028169,1,0,0,12.9181497387,-11.7335542,60,80,60,90,70,90,70,80
130,65,95,100,1,72.88,23.3918044982,24.7007042254,1,0,0,-5.7636713387,3.8068678483,60,90,60,100,70,100,70,90
131,65,105,100,1,75.22,25.2677929114,25.6690140845,1,0,0,-5.7031401851,4.0088758887,60,100,60,110,70,110,70,100
132,65,115,100,2,75.34,22.0957288389,23.5387323944,1,0,0,-2.4823160838,-4.9336961299,60,110,60,120,70,120,70,110
133,65,125,100,3,74.55,22.150109217,23.6531690141,1,0,0,23.4203289945,-2.696533662,60,120,60,130,70,130,70,120
134,65,135,100,2,44.79,27.6534571192,28.8090909091,0,0,0,19.0599821801,5.222491825,60,130,60,140,70,140,70,130
135,65,145,100,2,44.48,27.7863474358,27.9818181818,0,0,0,3.7908335528,11.037628872,60,140,60,150,70,150,70,140
136,65,155,100,3,44.78,29.5259821066,30.0545454545,0,0,0,-4.6151334719,-4.0748067013,60,150,60,160,70,160,70,150
137,65,165,100,2,45.09,27.1984145549,28.4454545455,0,0,0,-5.9502813134,6.6063356395,60,160,60,170,70,170,70,160
138,65,175,100,1,44.97,26.6079612021,27.2454545455,0,0,0,-2.5088959862,3.1395822082,60,170,60,180,70,180,70,170
139,65,185,100,2,46.44,26.8587640856,28.0363636364,0,0,0,14.2505318436,2.4133285387,60,180,60,190,70,190,70,180
140,65,195,100,1,40.48,28.6789981515,28.6818181818,0,0,0,-3.8721588082,-11.3766991513,60,190,60,200,70,200,70,190
141,75,5,100,2,76.07,23.960493191,25.2024647887,1,0,0,-15.8682444478,-35.1653958521,70,0,70,10,80,10,80,0
142,75,15,100,2,74.56,22.6937731613,23.3802816901,1,0,0,-0.3874521118,-25.6978087896,70,10,70,20,80,20,80,10
143,75,25,100,1,76.18,26.0663227217,26.161971831,1,0,0,15.3992673394,-16.1884557005,70,20,70,30,80,30,80,20
144,75,35,100,2,75.1,23.3614641309,24.014084507,1,0,0,-8.2077174218,8.5092652617,70,30,70,40,80,40,80,30
145,75,45,100,1,74.75,25.8441710394,25.9683098592,1,0,0,1.0632306376,17.4728216605,70,40,70,50,80,50,80,40
146,75,55,100,2,74.28,23.9522677848,24.4190140845,1,0,0,8.2912541661,20.5754527731,70,50,70,60,80,60,80,50
147,75,65,100,1,75.61,25.5306494423,26.2764084507,1,0,0,10.466125267,19.3753890909,70,60,70,70,80,70,80,60
148,75,75,100,2,75.9,23.3165983419,24.5598591549,1,0,0,-6.3193621665,2.8211161624,70,70,70,80,80,80,80,70
149,75,85,100,2,73.62,24.3097454116,24.4014084507,1,0,0,-5.6938379958,-8.4901528579,70,80,70,90,80,90,80,80
150,75,95,100,2,75.86,24.0273548558,24.9911971831,1,0,0,-2.4081225961,-12.1195998435,70,90,70,100,80,100,80,90
151,75,105,100,1,76.38,24.647653248,25.1232394366,1,0,0,-8.7525601885,-7.2707915205,70,100,70,110,80,110,80,100
152,75,115,100,1,74.26,23.5453896703,24.8063380282,1,0,0,-2.0557492826,4.3455083807,70,110,70,120,80,120,80,110
153,75,125,100,1,75.41,24.2898218473,24.2957746479,1,0,0,29.8937992832,22.0143799772,70,120,70,130,80,130,80,120
154,75,135,100,2,44.85,28.5840405611,29.0454545455,0,0,0,17.2993982048,17.0510619104,70,130,70,140,80,140,80,130
155,75,145,100,3,44.2,28.10994628,29.4636363636,0,0,0,-2.7920213626,-7.7452856304,70,140,70,150,80,150,80,140
156,75,155,100,1,45.21,30.3210382416,30.5,0,0,0,2.5260629005,-15.3312562251,70,150,70,160,80,160,80,150
157,75,165,100,1,45.52,28.5614150801,29.6454545455,0,0,0,4.7226743471,3.6780232396,70,160,70,170,80,170,80,160
158,75,175,100,2,43.44,29.2805166472,30.0181818182,0,0,0,-1.5986349931,9.0333166492,70,170,70,180,80,180,80,170
159,75,185,100,3,45.43,27.1136646278,28.7818181818,0,0,0,7.7035455323,-0.3383393531,70,180,70,190,80,190,80,180
160,75,195,100,2,56.72,28.6359510812,29.9454545455,0,0,0,1.187800058,17.0118626738,70,190,70,200,80,200,80,190
161,85,5,100,2,116.31,20.8859875515,20.9595070423,1,0,0,-2.0555165567,-32.1708863459,80,0,80,10,90,10,90,0
162,85,15,100,2,113.78,17.7175324005,19.3221830986,1,0,0,4.1266073129,-29.4550919849,80,10,80,20,90,20,90,10
163,85,25,100,3,116.49,20.2778422497,21.1531690141,1,0,0,26.6424766613,-18.1571288679,80,20,80,30,90,30,90,20
164,85,35,100,3,74.54,24.6506887111,24.7007042254,1,0,0,20.9624799983,4.2743785224,80,30,80,40,90,40,90,30
165,85,45,100,1,74.64,23.7163458224,23.8116197183,1,0,0,-2.9501386447,-2.3905560923,80,40,80,50,90,50,90,40
166,85,55,100,1,75.25,24.1774713585,24.6126760563,1,0,0,1.9448629427,0.8302848829,80,50,80,60,90,60,90,50
167,85,65,100,3,75.01,23.9855509166,24.5774647887,1,0,0,-1.1779506332,2.1066736693,80,60,80,70,90,70,90,60
168,85,75,100,2,73.8,23.7325505876,24.8327464789,1,0,0,-2.148300523,-2.8202240406,80,70,80,80,90,80,90,70
169,85,85,100,1,75.53,21.9716274737,23.3450704225,1,0,0,2.6016929163,-8.8922073406,80,80,80,90,90,90,90,80
170,85,95,100,3,74.29,23.4890843722,24.0845070423,1,2.7139376702,28.6271662063,3.6094712174,-0.583566494,80,90,80,100,90,100,90,90
171,85,105,100,3,75.01,23.3398452807,23.5475352113,1,0,0,0.1773319226,7.8708254315,80,100,80,110,90,110,90,100
172,85,115,100,3,75.48,24.0708397311,24.1197183099,1,6.1706872954,63.7149273195,11.9894510815,19.5602184809,80,110,80,120,90,120,90,110
173,85,125,100,2,45.58,29.1167129064,29.5181818182,0,0,0,9.3229331335,26.1121668829,80,120,80,130,90,130,90,120
174,85,135,100,2,44.38,28.6292809611,29.6545454545,0,0.9181459768,8.9621116256,2.0170615708,16.6221857281,80,130,80,140,90,140,90,130
175,85,145,100,1,44.36,28.5925043979,28.9454545455,0,0,0,-9.3518266933,5.9673473891,80,140,80,150,90,150,90,140
176,85,155,100,1,44.66,25.8014680066,27.2454545455,0,0,0,-11.4053075151,-0.5319532462,80,150,80,160,90,160,90,150
177,85,165,100,2,44.45,28.4422484852,29.4,0,0,0,14.2660674322,0.1411592296,80,160,80,170,90,170,90,160
178,85,175,100,1,44.84,29.1147608313,29.4545454545,0,0,0,-10.3711045711,-1.1495473052,80,170,80,180,90,180,90,170
179,85,185,100,2,44.9,27.1215606563,28.2363636364,0,0,0,-9.5005641464,4.0519073253,80,180,80,190,90,190,90,180
180,85,195,100,1,50.35,28.436453645,29.2,0,0,0,9.0976135248,3.4521235304,80,190,80,200,90,200,90,190
181,95,5,100,2,114.56,19.6081895926,20.9683098592,1,0,0,-11.6646464828,36.7684555318,90,0,90,10,100,10,100,0
182,95,15,100,2,115.27,19.7878055766,21.1267605634,1,0,0,-5.3560002578,34.6795861231,90,10,90,20,100,20,100,10
183,95,25,100,1,115.57,19.2974599665,20.889084507,1,0,0,19.0738110649,18.0010950245,90,20,90,30,100,30,100,20
184,95,35,100,1,74.83,24.3646358773,25.6426056338,1,0,0,14.4592473893,9.4739679924,90,30,90,40,100,40,100,30
185,95,45,100,3,75.47,24.2102610425,24.2781690141,1,0,0,3.2874983626,13.0632412798,90,40,90,50,100,50,100,40
186,95,55,100,2,73.98,24.753106155,25.6426056338,1,0,0,-1.4913818204,11.4024119297,90,50,90,60,100,60,100,50
187,95,65,100,3,75.16,24.725185682,25.1672535211,1,0,0,2.7796994529,14.6824291262,90,60,90,70,100,70,100,60
188,95,75,100,3,74.84,24.7622869404,24.9735915493,1,0,0,5.6404265653,22.1668980935,90,70,90,80,100,80,100,70
189,95,85,100,2,75.73,23.2526518507,23.8820422535,1,0,0,6.6659478611,33.194521005,90,80,90,90,100,90,100,80
190,95,95,100,3,75.88,24.630974289,25.6161971831,1,0,0,3.1513341157,32.7483173731,90,90,90,100,100,100,100,90
191,95,105,100,3,74.83,23.0120148421,24.2517605634,1,0,0,-0.3327701407,31.06522695,90,100,90,110,100,110,100,100
192,95,115,100,2,47.02,29.8532665866,30.3090909091,0,0,0,16.7911659238,16.277648621,90,110,90,120,100,120,100,110
193,95,125,100,1,43.23,27.4524426419,28.3181818182,0,0,0,17.4676553592,9.2955982995,90,120,90,130,100,130,100,120
194,95,135,100,2,44.78,30.3122210434,31.3363636364,0,0,0,-1.7129385064,1.7275418716,90,130,90,140,100,140,100,130
195,95,145,100,2,46.17,29.5927946151,30.0545454545,0,0,0,-5.7657058179,4.7244403139,90,140,90,150,100,150,100,140
196,95,155,100,2,43.17,28.7132645225,29.0545454545,0,0,0,8.5501634069,-1.1603063103,90,150,90,160,100,160,100,150
197,95,165,100,1,44.45,29.1185381184,29.3090909091,0,0,0,6.6863331515,1.558146795,90,160,90,170,100,170,100,160
198,95,175,100,1,43.83,28.6808600817,30.2272727273,0,0,0,-8.3611235651,2.2817576545,90,170,90,180,100,180,100,170
199,95,185,100,1,45.29,27.8517230261,28.9090909091,0,0,0,6.2562593836,5.2020908368,90,180,90,190,100,190,100,180
200,95,195,100,2,53.29,29.0014330181,30.1272727273,0,0,0,7.8480449652,8.6081973081,90,190,90,200,100,200,100,190
201,105,5,100,1,75.21,24.8236752409,26.25,1,0,0,0.0805909812,20.530821782,100,0,100,10,110,10,110,0
202,105,15,100,2,75.63,23.6383955907,24.1197183099,1,0,0,-8.6642507724,22.4335789529,100,10,100,20,110,20,110,10
203,105,25,100,2,74.88,24.4200675789,24.7887323944,1,0,0,16.7473682886,10.4120442751,100,20,100,30,110,30,110,20
204,105,35,100,2,75.37,22.7198890087,23.6531690141,1,0,0,16.277230299,23.4061176904,100,30,100,40,110,40,110,30
205,105,45,100,2,76.1,25.3383448159,25.5721830986,1,0,0,10.1412234799,14.5619553202,100,40,100,50,110,50,110,40
206,105,55,100,1,73.73,25.5392598541,26.1355633803,1,0,0,4.1662587585,29.0802772287,100,50,100,60,110,60,110,50
207,105,65,100,1,74.55,24.7261627239,26.338028169,1,0,0,-2.4077148413,20.8072584073,100,60,100,70,110,70,110,60
208,105,75,100,2,43.82,28.8125522708,29.1545454545,0,0,0,-3.3579151021,16.0466573119,100,70,100,80,110,80,110,70
209,105,85,100,2,44.05,28.028469067,28.1545454545,0,0,0,4.0540806464,11.3260087277,100,80,100,90,110,90,110,80
210,105,95,100,1,44.68,29.4752895202,29.5363636364,0,0,0,5.3496984697,29.562549032,100,90,100,100,110,100,110,90
211,105,105,100,3,45.88,27.6836576028,29.1454545455,0,0,0,5.9388629525,6.9053720462,100,100,100,110,110,110,110,100
212,105,115,100,2,44.08,27.6018756767,28.5090909091,0,0,0,14.4649345048,18.0609012005,100,110,100,120,110,120,110,110
213,105,125,100,3,45.12,28.0128183097,29.6909090909,0,0,0,-0.8047306123,-8.1494693573,100,120,100,130,110,130,110,120
214,105,135,100,1,46.62,28.8902249846,29.1727272727,0,0,0,0.7162925799,-10.7167425521,100,130,100,140,110,140,110,130
215,105,145,100,2,45.21,27.4949611775,28.3090909091,0,0,0,-6.9118618118,-5.3441915944,100,140,100,150,110,150,110,140
216,105,155,100,3,44.45,26.6499738568,28.0636363636,0,0,0,2.301396175,-3.6023039859,100,150,100,160,110,160,110,150
217,105,165,100,2,45.35,29.0572990499,29.2636363636,0,0,0,19.1317965013,2.5735817017,100,160,100,170,110,170,110,160
218,105,175,100,1,45.17,27.7250984006,29.1909090909,0,0,0,-0.8206279869,-7.1106849368,100,170,100,180,110,180,110,170
219,105,185,100,2,46.66,28.8227891567,29.5181818182,0,0,0,6.0945855552,-8.5695685211,100,180,100,190,110,190,110,180
220,105,195,100,2,40.11,30.9063009556,30.9545454545,0,0,0,21.1078319891,17.0896069757,100,190,100,200,110,200,110,190
221,115,5,100,3,74.56,24.1580283464,24.8063380282,1,0,0,0.9374185737,20.7186777918,110,0,110,10,120,10,120,0
222,115,15,100,2,74.49,23.3974312799,23.8996478873,1,0,0,3.7596280972,24.5605107646,110,10,110,20,120,20,120,10
223,115,25,100,3,76.44,24.5499162209,24.9471830986,1,0,0,-9.6510751559,28.6399818017,110,20,110,30,120,30,120,20
224,115,35,100,2,75.66,24.4537942015,25.9419014085,1,0,0,3.599956942,30.3120170282,110,30,110,40,120,40,120,30
225,115,45,100,3,48.09,28.6459759442,28.6909090909,0,0,0,14.99980758,21.1324415229,110,40,110,50,120,50,120,40
226,115,55,100,3,45.16,29.4886854163,29.6454545455,0,0,0,4.3940607208,3.8550370364,110,50,110,60,120,60,120,50
227,115,65,100,1,46.09,28.3807612724,28.6272727273,0,0,0,-6.8028228509,8.2915153825,110,60,110,70,120,70,120,60
228,115,75,100,1,44.01,27.3515361292,28.3181818182,0,0,0,9.24944128,4.371115439,110,70,110,80,120,80,120,70
229,115,85,100,2,46.29,27.3216204076,28.7727272727,0,0,0,4.8009840063,2.3055197986,110,80,110,90,120,90,120,80
230,115,95,100,1,43.81,27.3667858646,28.0545454545,0,0,0,0.3859719947,6.3358440843,110,90,110,100,120,100,120,90
231,115,105,100,2,45.89,28.2851496022,28.3454545455,0,0,0,-0.074192744,1.4388003483,110,100,110,110,120,110,120,100
232,115,115,100,2,45.19,26.9729450419,28.4454545455,0,0,0,-4.3408210782,-12.684665682,110,110,110,120,120,120,120,110
233,115,125,100,2,45.9,28.8032796739,29.5363636364,0,0,0,4.3612369048,-5.6353376491,110,120,110,130,120,130,120,120
234,115,135,100,3,45.64,28.8562530044,29.5272727273,0,0,0,-4.4113314257,-3.3596861741,110,130,110,140,120,140,120,130
235,115,145,100,2,46.3,27.5627852901,28.5454545455,0,0,0,-12.5364446094,-5.7653447668,110,140,110,150,120,150,120,140
236,115,155,100,1,45.82,29.6305430359,30.4090909091,0,0,0,6.1723262083,-12.6845455207,110,150,110,160,120,160,120,150
237,115,165,100,2,44.9,29.3752624375,29.9818181818,0,0,0,10.944844265,9.5312033281,110,160,110,170,120,170,120,160
238,115,175,100,1,44.25,29.2305517241,29.4090909091,0,0,0,1.9704321489,-9.0446528783,110,170,110,180,120,180,120,170
239,115,185,100,2,45.49,27.46486297,28.8454545455,0,0,0,10.4106931352,-5.4331141079,110,180,110,190,120,190,120,180
240,115,195,100,1,40.53,29.3878247038,30.5272727273,0,0,0,21.8541719282,-4.5409503842,110,190,110,200,120,200,120,190
241,125,5,100,2,44.37,29.2721377943,30.5636363636,0,0,0,1.4837194093,41.5033305643,120,0,120,10,130,10,130,0
242,125,15,100,3,44.77,29.8512551128,30.0636363636,0,0,0,1.5115751331,17.546226664,120,10,120,20,130,20,130,10
243,125,25,100,2,43.63,29.734224642,31.1090909091,0,0,0,-1.8880564016,20.3032793131,120,20,120,30,130,30,130,20
244,125,35,100,3,43.96,27.3281163811,28.8545454545,0,0,0,5.8638034687,18.0119914202,120,30,120,40,130,40,130,30
245,125,45,100,3,43.34,27.8596953184,28.8181818182,0,0,0,4.8549218097,3.0425798413,120,40,120,50,130,50,130,40
246,125,55,100,1,44.49,29.1907126269,29.4818181818,0,0,0,-7.2214202588,-1.1398619543,120,50,120,60,130,60,130,50
247,125,65,100,3,46.48,28.32355539,28.7181818182,0,0,0,2.5953337432,-4.9824317892,120,60,120,70,130,70,130,60
248,125,75,100,1,45.74,29.1950437695,29.6090909091,0,0,0,-1.9789412207,3.9717367359,120,70,120,80,130,80,130,70
249,125,85,100,1,43.7,28.5250410367,29.3363636364,0,0,0,-6.4111169228,1.0782353736,120,80,120,90,130,90,130,80
250,125,95,100,2,45.87,27.6073650939,29.1272727273,0,0,0,-3.2303032708,2.3478053772,120,90,120,100,130,100,130,90
251,125,105,100,1,45.24,29.9000178243,30.1,0,0,0,-6.3053350614,-5.8947919323,120,100,120,110,130,110,130,100
252,125,115,100,2,45.83,27.0495867477,28.2909090909,0,0,0,4.7063658084,4.169941,120,110,120,120,130,120,130,110
253,125,125,100,1,45.21,26.4378250808,28.1181818182,0,0,0,1.7844371243,-1.6092266537,120,120,120,130,130,130,130,120
254,125,135,100,1,43.82,29.5858582977,29.8636363636,0,0,0,-3.0282758061,0.4563238916,120,130,120,140,130,140,130,130
255,125,145,100,3,45,27.4826669612,28.5909090909,0,0,0,0.406168389,-8.3678652926,120,140,120,150,130,150,130,140
256,125,155,100,3,44.86,27.3766983669,27.8090909091,0,0,0,5.1008255812,-13.0415449115,120,150,120,160,130,160,130,150
257,125,165,100,2,45.16,27.7240320742,28.1,0,0,0,7.6384596084,-14.8795885438,120,160,120,170,130,170,130,160
258,125,175,100,3,45.59,28.6183369363,30.1272727273,0,0,0,17.7318039307,-9.5251302882,120,170,120,180,130,180,130,170
259,125,185,100,3,45.97,29.1477559792,29.4181818182,0,0,0,-1.2164009982,1.7739563884,120,180,120,190,130,190,130,180
260,125,195,100,2,52.95,26.7116970137,27.6454545455,0,0,0,8.7111296153,-14.6398008217,120,190,120,200,130,200,130,190
261,135,5,100,2,43.64,30.7061714855,30.9636363636,0,0,0,-3.1040602785,-15.7158476176,130,0,130,10,140,10,140,0
262,135,15,100,1,44.91,27.8938119429,28.9636363636,0,0,0,-12.2290032708,-20.5707395827,130,10,130,20,140,20,140,10
263,135,25,100,2,44.92,27.5445032485,28.8636363636,0,0,0,2.1292932712,-8.5745881347,130,20,130,30,140,30,140,20
264,135,35,100,2,43.79,28.9182935527,29.2,0,0,0,3.0589194302,-5.5452631448,130,30,130,40,140,40,140,30
265,135,45,100,1,43.41,27.3050425356,28.4090909091,0,0,0,5.6946779431,-9.0290037615,130,40,130,50,140,50,140,40
266,135,55,100,2,44.46,27.910064085,28.7272727273,0,0,0,-1.6716102202,2.5788994156,130,50,130,60,140,60,140,50
267,135,65,100,1,46.29,27.0968602403,28.4,0,0,0,6.9575804643,-6.4469609605,130,60,130,70,140,70,140,60
268,135,75,100,2,45.22,28.1261791931,28.1636363636,0,0,0,-0.4437185194,-4.2795431274,130,70,130,80,140,80,140,70
269,135,85,100,1,44.47,28.9116971857,29.8181818182,0,0,0,-5.765334419,-5.2748108677,130,80,130,90,140,90,140,80
270,135,95,100,2,45.44,26.1799557308,27.8636363636,0,0,0,0.6683272415,-7.9475789965,130,90,130,100,140,100,140,90
271,135,105,100,3,44.29,28.1803487978,28.7363636364,0,0,0,-1.8388721262,-3.2124875336,130,100,130,110,140,110,140,100
272,135,115,100,3,44.41,29.3218142306,29.9636363636,0,0,0,-2.4702362411,-5.1495794328,130,110,130,120,140,120,140,110
273,135,125,100,1,45.75,28.2257059973,29.7909090909,0,0,0,14.7818504152,5.8523758602,130,120,130,130,140,130,140,120
274,135,135,100,2,46.06,29.3300694493,29.5363636364,0,0,0,10.3227062827,-0.2176800512,130,130,130,140,140,140,140,130
275,135,145,100,1,44.61,26.2865848578,27.8545454545,0,0,0,-17.2159758687,-1.5540571709,130,140,130,150,140,150,140,140
276,135,155,100,2,43.61,28.7959571143,29.0636363636,0,0,0,0.0186853388,-4.336811311,130,150,130,160,140,160,140,150
277,135,165,100,2,44.17,28.1314313719,28.1909090909,0,0,0,11.3483284167,-0.5167815263,130,160,130,170,140,170,140,160
278,135,175,100,2,45.56,29.1495949701,29.5181818182,0,0,0,20.1221804186,5.0021204564,130,170,130,180,140,180,140,170
279,135,185,100,1,44.98,27.8536208501,29.3090909091,0,0,0,-12.1206171278,6.56336932,130,180,130,190,140,190,140,180
280,135,195,100,1,45.76,29.6692960136,30.0636363636,0,0,0,-4.3457146343,1.060158979,130,190,130,200,140,200,140,190
281,145,5,100,3,44.63,29.3021173488,29.3272727273,0,0,0,3.6410441412,-22.8274728986,140,0,140,10,150,10,150,0
282,145,15,100,1,44.97,28.1275070009,29.0181818182,0,0,0,-1.9656272155,-3.6555865542,140,10,140,20,150,20,150,10
283,145,25,100,1,46.95,27.2885017862,27.7090909091,0,0,0,-3.3847359632,-1.8537569717,140,20,140,30,150,30,150,20
284,145,35,100,2,44.45,27.2230054308,28.3363636364,0,0,0,6.2496971486,-5.9940129803,140,30,140,40,150,40,150,30
285,145,45,100,2,46.91,27.563711743,28.2909090909,0,0,0,-6.2236190579,-1.0780320013,140,40,140,50,150,50,150,40
286,145,55,100,3,45.19,26.7149624046,28.3090909091,0,0,0,4.4768210982,10.8952415131,140,50,140,60,150,60,150,50
287,145,65,100,1,43.59,29.4556845717,29.7272727273,0,0,0,3.1222794034,-2.1742755374,140,60,140,70,150,70,150,60
288,145,75,100,2,46.59,29.2427343795,29.7818181818,0,0,0,2.9509556087,-0.9237083023,140,70,140,80,150,80,150,70
289,145,85,100,1,44.87,26.9809966202,28.5090909091,0,0,0,-2.3097314749,0.2101570212,140,80,140,90,150,90,150,80
290,145,95,100,1,45.16,28.0479855698,28.0727272727,0,0,0,-5.6003266962,7.1607516774,140,90,140,100,150,100,150,90
291,145,105,100,1,43.58,28.8042570725,29.4181818182,0,0,0,13.6432844841,3.2653232924,140,100,140,110,150,110,150,100
292,145,115,100,2,45.19,26.8145168452,28.2181818182,0,0,0,-1.6915493584,0.5649269549,140,110,140,120,150,120,150,110
293,145,125,100,2,44.81,27.0980843953,28.7545454545,0,0,0,-3.3393709907,2.0970945669,140,120,140,130,150,130,150,120
294,145,135,100,3,43.99,29.4536819183,30.6090909091,0,0,0,-21.7480315446,-6.7895576098,140,130,140,140,150,140,150,130
295,145,145,100,1,44.44,27.0620405652,28.6454545455,0,0,0,-16.7043856668,-7.8215513602,140,140,140,150,150,150,150,140
296,145,155,100,2,76.78,23.5006076085,25.088028169,1,0,0,-0.7636869333,-28.1246481175,140,150,140,160,150,160,150,150
297,145,165,100,1,74.99,25.777321325,25.8098591549,1,0,0,2.1286221949,-19.6143660813,140,160,140,170,150,170,150,160
298,145,175,100,3,45.02,28.7454098938,30.3090909091,0,0,0,35.2335495615,-21.2232648355,140,170,140,180,150,180,150,170
299,145,185,100,3,45.42,31.8179441932,32.0818181818,0,0,0,5.2444071141,1.7807811928,140,180,140,190,150,190,150,180
300,145,195,100,1,49.42,27.3837781015,28.9545454545,0,0,0,-15.4002899595,-8.9104545512,140,190,140,200,150,200,150,190
301,155,5,100,1,45.57,27.1120850586,27.9636363636,0,0,0,21.6400561643,-9.1383576106,150,0,150,10,160,10,160,0
302,155,15,100,2,44.94,26.10462192,27.7727272727,0,0,0,-5.7120066367,-4.4256075849,150,10,150,20,160,20,160,10
303,155,25,100,1,44.28,28.6220533219,29.9454545455,0,0,0,-4.2730284956,-1.2846266302,150,20,150,30,160,30,160,20
304,155,35,100,2,46.61,28.6820438532,29.9181818182,0,0,0,19.3848798584,3.431465948,150,30,150,40,160,40,160,30
305,155,45,100,1,46.11,28.4898967278,30.0818181818,0,0,0,1.5631257318,5.5353761913,150,40,150,50,160,50,160,40
306,155,55,100,1,45.62,28.7276157384,28.8454545455,0,0,0,-3.274045263,4.2173065918,150,50,150,60,160,60,160,50
307,155,65,100,2,44.99,28.8121368876,29.1454545455,0,0,0,8.7986808954,-6.0285739125,150,60,150,70,160,70,160,60
308,155,75,100,2,42.6,26.6746884881,28.2,0,0,0,5.3093965978,0.45121526,150,70,150,80,160,80,160,70
309,155,85,100,3,46.99,29.0650818663,30.4363636364,0,0,0,-4.6768505607,2.6185579723,150,80,150,90,160,90,160,80
310,155,95,100,1,45.67,26.6341543773,28.1454545455,0,0,0,1.6005434224,5.7714867631,150,90,150,100,160,100,160,90
311,155,105,100,1,43.15,26.914673398,28.4272727273,0,0,0,9.1921314539,0.1343074754,150,100,150,110,160,110,160,100
312,155,115,100,1,46.27,27.6068090421,28.7,0,0,0,-5.2576488661,-0.2951224256,150,110,150,120,160,120,160,110
313,155,125,100,2,45.5,28.2627666223,29.3090909091,0,0,0,2.4622873172,-13.7246516421,150,120,150,130,160,130,160,120
314,155,135,100,2,45.36,27.6703636435,29.1272727273,0,0,0,-21.4855566602,-12.815396064,150,130,150,140,160,140,160,130
315,155,145,100,2,74.81,23.3764962927,24.1285211268,1,0,0,-18.4954417026,-28.5936516552,150,140,150,150,160,150,160,140
316,155,155,100,2,73.05,26.3172884234,26.7517605634,1,0,0,-22.5331226331,-16.4946969144,150,150,150,160,160,160,160,150
317,155,165,100,1,77.2,21.4671563497,22.9753521127,1,0,0,14.0174768143,-30.3562694868,150,160,150,170,160,170,160,160
318,155,175,100,2,74.65,26.0246300123,26.0299295775,1,0,0,39.4607523682,-26.0895541847,150,170,150,180,160,180,160,170
319,155,185,100,1,47.75,29.5099742046,30.4454545455,0,0,0,3.7839976346,-16.2551917334,150,180,150,190,160,190,160,180
320,155,195,100,2,49.71,27.7341023158,27.8909090909,0,0,0,-3.0604121131,11.8732686641,150,190,150,200,160,200,160,190
321,165,5,100,1,44.46,26.6916965089,27.1181818182,0,0,0,16.6301504666,14.7680437243,160,0,160,10,170,10,170,0
322,165,15,100,1,45.34,28.6200413597,29.3,0,0,0,8.7027052963,-9.2438110218,160,10,160,20,170,20,170,10
323,165,25,100,2,45.11,28.2660288484,28.4454545455,0,0,0,1.8061534738,2.432145407,160,20,160,30,170,30,170,20
324,165,35,100,1,43.91,27.7455931162,29.4,0,0,0,2.6970035938,-9.4208664947,160,30,160,40,170,40,170,30
325,165,45,100,2,42.86,29.9030962691,30.1454545455,0,0,0,5.5463456203,-13.3632419008,160,40,160,50,170,50,170,40
326,165,55,100,1,45.82,28.3406334694,29.2818181818,0,0,0,1.7633925377,-5.9357270994,160,50,160,60,170,60,170,50
327,165,65,100,2,46.28,27.7839254166,28.2636363636,0,0,0,-1.3148283244,5.4714298365,160,60,160,70,170,70,170,60
328,165,75,100,2,44.61,28.5994365608,29.6818181818,0,0,0,4.1558962367,-3.7879125105,160,70,160,80,170,80,170,70
329,165,85,100,1,43.55,28.9339798654,29.0636363636,0,0,0,-1.8106270831,-4.3048582837,160,80,160,90,170,90,170,80
330,165,95,100,1,44.91,26.3027455319,27.8090909091,0,0,0,-5.7564028087,-2.4804056441,160,90,160,100,170,100,170,90
331,165,105,100,1,45.87,28.6740006275,30.2181818182,0,0,0,4.2348138726,-3.987074105,160,100,160,110,170,110,170,100
332,165,115,100,1,45.23,28.4137681445,28.5181818182,0,0,0,-2.130894816,6.3758945241,160,110,160,120,170,120,170,110
333,165,125,100,1,45.15,27.8949430663,29.1636363636,0,0,0,-17.6297970368,-6.4846239395,160,120,160,130,170,130,170,120
334,165,135,100,2,75.93,23.3562536967,23.5475352113,1,0,0,-23.4073885135,-18.2855803923,160,130,160,140,170,140,170,130
335,165,145,100,2,74.79,23.9382770665,25.1320422535,1,0,0,-22.0022246537,-13.8056619695,160,140,160,150,170,150,170,140
336,165,155,100,2,114.59,20.4080680514,21.0475352113,1,0,0,-24.8048682914,-2.2708637321,160,150,160,160,170,160,170,150
337,165,165,100,2,116.01,21.5691468594,22.1919014085,1,0,0,15.5874482187,-24.1842103898,160,160,160,170,170,170,170,160
338,165,175,100,1,74.49,23.7209742412,24.9559859155,1,0,0,29.8093055098,-24.4438932823,160,170,160,180,170,180,170,170
339,165,185,100,1,44.59,27.8289261539,29.0454545455,0,0,0,17.9270442762,-8.2867103726,160,180,160,190,170,190,170,180
340,165,195,100,1,53.44,28.3302014957,29.7636363636,0,0,0,9.38815736,-8.7805435389,160,190,160,200,170,200,170,190
341,175,5,100,2,44.51,29.7286567081,30.0363636364,0,0,0,-9.6724134108,13.7935266393,170,0,170,10,180,10,180,0
342,175,15,100,1,44.03,26.9650495215,28.5272727273,0,0,0,-11.7708900169,2.0255906664,170,10,170,20,180,20,180,10
343,175,25,100,2,46.25,27.2763154079,27.8454545455,0,0,0,-1.2744857166,2.9776375036,170,20,170,30,180,30,180,20
344,175,35,100,2,45.59,27.3592344442,28.9090909091,0,0,0,-1.0751507175,5.7500703849,170,30,170,40,180,40,180,30
345,175,45,100,3,42.87,27.5336619861,27.7636363636,0,0,0,-1.6410645165,-1.0812564031,170,40,170,50,180,50,180,40
346,175,55,100,2,45.79,28.0015921176,29.2272727273,0,0,0,-4.5554078399,-2.3970270137,170,50,170,60,180,60,180,50
347,175,65,100,2,45.86,28.7082351941,30.2545454545,0,0,0,14.4658009443,-1.6593088087,170,60,170,70,180,70,180,60
348,175,75,100,3,42.39,28.8097135238,29.8,0,0,0,-9.6944330117,-8.0763343529,170,70,170,80,180,80,180,70
349,175,85,100,2,44,28.4613142943,28.8181818182,0,0,0,4.2464305993,-2.6436926642,170,80,170,90,180,90,180,80
350,175,95,100,2,45.45,28.4477422986,28.4909090909,0,0,0,-1.0165804806,-12.2574371054,170,90,170,100,180,100,180,90
351,175,105,100,2,45.34,29.1490724833,29.2181818182,0,0,0,5.6065131763,4.476333007,170,100,170,110,180,110,180,100
352,175,115,100,2,45.13,27.9765633948,28.3545454545,0,0,0,-6.3785293263,2.7337669198,170,110,170,120,180,120,180,110
353,175,125,100,2,45.08,27.0615464667,28.2363636364,0,0,0,-20.5414862364,13.3708136188,170,120,170,130,180,130,180,120
354,175,135,100,2,74.65,24.2418318384,24.4278169014,1,0,0,-25.9464768746,4.7596461229,170,130,170,140,180,140,180,130
355,175,145,100,3,75.26,24.3317268213,25.4841549296,1,0,0,-17.9803086266,23.5116440763,170,140,170,150,180,150,180,140
356,175,155,100,2,114.73,21.3002937523,22.1654929577,1,0,0,-4.6306418685,25.9642142033,170,150,170,160,180,160,180,150
357,175,165,100,2,115.46,19.1762982224,20.6338028169,1,0,0,13.1066722081,12.7397424985,170,160,170,170,180,170,180,160
358,175,175,100,3,75.41,22.1723206987,23.7940140845,1,0,0,15.1043495568,-6.1931260388,170,170,170,180,180,180,180,170
359,175,185,100,2,72.69,23.5584899162,23.8204225352,1,0,0,37.8740514763,-6.972435678,170,180,170,190,180,190,180,180
360,175,195,100,1,44.43,27.3810440492,27.4909090909,0,0,0,30.9682549536,-0.9255752089,170,190,170,200,180,200,180,190
361,185,5,100,2,42.74,29.6314531644,29.8454545455,0,0,0,-13.507427362,-4.2069540784,180,0,180,10,190,10,190,0
362,185,15,100,1,45.4,27.1065301244,28.2090909091,0,0,0,-7.5445384281,-3.2385797436,180,10,180,20,190,20,190,10
363,185,25,100,1,46.72,27.2652833813,28.3363636364,0,0,0,7.3072474712,8.611525003,180,20,180,30,190,30,190,20
364,185,35,100,1,45.29,29.8766865013,29.9909090909,0,0,0,3.2784189517,11.1612324085,180,30,180,40,190,40,190,30
365,185,45,100,1,45.41,28.4721769288,29.5363636364,0,0,0,-4.5060497751,-12.6699730478,180,40,180,50,190,50,190,40
366,185,55,100,3,44.28,27.9305878935,27.9727272727,0,0,0,0.2449136024,-3.1257958567,180,50,180,60,190,60,190,50
367,185,65,100,1,45.55,28.9196618877,29.8454545455,0,0,0,-6.3019301005,-4.7370407852,180,60,180,70,190,70,190,60
368,185,75,100,1,44.71,25.5716507929,26.7090909091,0,0,0,6.0027162605,-10.8082256241,180,70,180,80,190,80,190,70
369,185,85,100,2,44.98,28.4063352195,28.7727272727,0,0,0,-6.1030193498,3.0082319141,180,80,180,90,190,90,190,80
370,185,95,100,2,44.48,28.2020409321,29.5636363636,0,0,0,-5.9370299756,-8.6974572327,180,90,180,100,190,100,190,90
371,185,105,100,2,44.19,28.8963915618,29.2272727273,0,0,0,0.406868939,-9.0972220387,180,100,180,110,190,110,190,100
372,185,115,100,1,45.09,28.2368133338,29.8818181818,0,0,0,0.0724206605,-2.808390365,180,110,180,120,190,120,190,110
373,185,125,100,2,44.83,28.9276266819,29.9181818182,0,0,0,-11.4826029299,10.2739750316,180,120,180,130,190,130,190,120
374,185,135,100,2,44.17,27.7172591607,28.4181818182,0,0,0,-10.014167826,22.6700391975,180,130,180,140,190,140,190,130
375,185,145,100,2,76.94,24.9669035436,25.4137323944,1,0,0,-3.4034498545,23.8654151984,180,140,180,150,190,150,190,140
376,185,155,100,2,75.09,24.1524073873,24.1725352113,1,0,0,-16.3595404792,19.4209421546,180,150,180,160,190,160,190,150
377,185,165,100,3,74.73,26.2737424477,26.5492957746,1,0,0,2.9558694544,21.8651088213,180,160,180,170,190,170,190,160
378,185,175,100,3,75.7,24.3733492657,24.9823943662,1,0,0,17.5777365788,20.7524368195,180,170,180,180,190,180,190,170
379,185,185,100,1,74.89,25.0010178696,25.2728873239,1,0,0,30.920132145,16.1057322733,180,180,180,190,190,190,190,180
380,185,195,100,1,53.57,29.7555372396,29.8454545455,0,0,0,33.3017343282,21.5229278721,180,190,180,200,190,200,190,190
381,195,5,100,3,45.3,28.7720670589,29.7090909091,0,0,0,-8.0042962407,1.8879367814,190,0,190,10,200,10,200,0
382,195,15,100,1,44.25,27.1103775272,28.6909090909,0,0,0,-4.8030960808,14.8379312394,190,10,190,20,200,20,200,10
383,195,25,100,2,45.38,28.2792878619,29.3181818182,0,0,0,0.4618495988,4.7843225665,190,20,190,30,200,30,200,20
384,195,35,100,3,43.2,27.9534016669,29.0818181818,0,0,0,-0.6922339215,0.9120455451,190,30,190,40,200,40,200,30
385,195,45,100,2,45.31,26.9384717746,28.2909090909,0,0,0,13.0391975698,2.4545467475,190,40,190,50,200,50,200,40
386,195,55,100,1,45.05,27.378013196,28.7090909091,0,0,0,-0.2244682206,3.8539410282,190,50,190,60,200,60,200,50
387,195,65,100,3,45.93,27.9530573441,28.6,0,0,0,-12.4862157299,9.1905564589,190,60,190,70,200,70,200,60
388,195,75,100,2,43.89,28.7808885224,29.2454545455,0,0,0,8.234635396,2.4636629413,190,70,190,80,200,80,200,70
389,195,85,100,1,43.98,29.0414209738,30.0090909091,0,10.4867933052,118.4769976164,0.2761101615,2.3458659182,190,80,190,90,200,90,200,80
390,195,95,100,1,45.58,27.2525300427,27.4818181818,0,0,0,-9.4269495393,-5.3806297999,190,90,190,100,200,100,200,90
391,195,105,100,2,45.34,26.9403566409,26.9909090909,0,0,0,-0.3622070195,-0.4823158152,190,100,190,110,200,110,200,100
392,195,115,100,2,46.06,29.2220766742,29.9090909091,0,0,0,0.4580062618,-6.1646007942,190,110,190,120,200,120,200,110
393,195,125,100,2,44.7,27.5373857654,27.8545454545,0,2.3084014995,23.2657642744,-10.4611545903,-5.0349728724,190,120,190,130,200,130,200,120
394,195,135,100,1,43.26,28.317301904,29.1727272727,0,0,0,-0.0426859807,1.0783716308,190,130,190,140,200,140,200,130
395,195,145,100,2,44.06,28.1330115261,28.8363636364,0,0,0,-3.8373736673,9.79937993,190,140,190,150,200,150,200,140
396,195,155,100,3,75.33,25.5107909799,26.2235915493,1,0,0,-10.5327713574,10.7484910056,190,150,190,160,200,160,200,150
397,195,165,100,3,76.04,23.5238541488,24.6919014085,1,0,0,-10.0609122434,8.1942369431,190,160,190,170,200,170,200,160
398,195,175,100,2,73.6,23.6305657162,23.7676056338,1,0,0,11.2010349987,4.3201062579,190,170,190,180,200,180,200,170
399,195,185,100,2,45.28,29.2700248018,29.9454545455,0,0,0,25.9630790389,5.3658483871,190,180,190,190,200,190,200,180
400,195,195,100,2,54.77,27.2587953883,28.8818181818,0,0,0,12.0543438212,-12.4002864911,190,190,190,200,200,200,200,190
,,,,,,,,,,,,,,,,,,,,
FIRES,X,Y,AREA,START,INITIAL_SIZE,PATCH_ID,,,,,,,,,,,,,,
1,5,115,10.9380693308,-126.375074713,10.9380693308,12,,,,,,,,,,,,,,
2,5,175,21.2063543475,-229.0466859087,21.2063543475,18,,,,,,,,,,,,,,
3,85,95,2.7139376702,-28.6271662063,2.7139376702,170,,,,,,,,,,,,,,
4,85,115,6.1706872954,-63.7149273195,6.1706872954,172,,,,,,,,,,,,,,
5,85,135,0.9181459768,-8.9621116256,0.9181459768,174,,,,,,,,,,,,,,
6,195,85,10.4867933052,-118.4769976164,10.4867933052,389,,,,,,,,,,,,,,
7,195,125,2.3084014995,-23.2657642744,2.3084014995,393,,,,,,,,,,,,,,
